DataDate,PM2_5,PM10,SOX,NOX,Temp,Hum
8/26/2023 10:41,4,4,497.74,12.35,23.9,90
8/26/2023 10:39,5,5,470.87,44.59,24,91
8/26/2023 10:38,5,5,467.97,47.11,23.9,91
8/26/2023 10:37,4,4,467.33,46.65,24,90
8/26/2023 10:36,5,5,469.02,48.37,24,91
8/26/2023 10:35,4,4,467.96,42.9,24,90
8/26/2023 10:34,6,6,468.88,43.51,23.9,90
8/26/2023 10:33,4,4,463.12,41.24,23.9,90
8/26/2023 10:32,7,7,463.77,40.64,23.9,90
8/26/2023 10:31,7,8,461.67,40.34,23.8,91
8/26/2023 10:30,7,7,467.15,41.22,23.7,91
8/26/2023 10:29,5,5,469.56,41.66,23.6,92
8/26/2023 10:28,8,9,470.32,40.67,23.5,92
8/26/2023 10:27,5,5,473.03,41.81,23.5,92
8/26/2023 10:26,5,5,469.91,42.81,23.5,92
8/26/2023 10:25,6,6,465.74,45.29,23.6,91
8/26/2023 10:24,5,5,463.54,46.59,23.5,92
8/26/2023 10:23,6,6,460.79,44.44,23.6,92
8/26/2023 10:22,8,9,465.47,44.21,23.5,92
8/26/2023 10:21,6,6,465.32,44.35,23.5,92
8/26/2023 10:20,6,6,463.9,44.9,23.4,92
8/26/2023 10:19,6,7,458.67,45.41,23.4,92
8/26/2023 10:18,7,8,454.97,45.83,23.4,93
8/26/2023 10:17,8,9,459.04,46.83,23.4,93
8/26/2023 10:16,9,10,463.27,48.53,23.4,93
8/26/2023 10:15,8,9,469.08,47.13,23.4,93
8/26/2023 10:14,8,9,462.93,45.49,23.3,93
8/26/2023 10:13,6,6,468.6,44.1,23.3,93
8/26/2023 10:12,7,7,468.03,43.83,23.3,93
8/26/2023 10:11,9,10,467.87,44.78,23.3,93
8/26/2023 10:10,9,10,465.41,45.76,23.3,93
8/26/2023 10:09,8,9,467.37,46.16,23.3,93
8/26/2023 10:08,10,11,471,45.65,23.3,93
8/26/2023 10:07,6,7,462.59,45.15,23.4,92
8/26/2023 10:06,5,5,454.29,44.55,23.5,92
8/26/2023 10:05,6,6,439.35,43.21,23.5,92
8/26/2023 10:04,6,6,464.25,54.03,23.5,92
8/26/2023 10:02,6,6,464.88,52.75,23.5,92
8/26/2023 10:01,6,6,468.54,57.11,23.6,92
8/26/2023 10:00,7,7,472.52,47.96,23.6,92
8/26/2023 9:59,7,7,474.97,49.96,23.7,92
8/26/2023 9:58,6,6,477.64,58.7,23.7,92
8/26/2023 9:56,9,10,474.33,54.58,23.7,92
8/26/2023 9:55,6,6,472.78,57.61,23.7,92
8/26/2023 9:54,8,9,470.41,56.22,23.8,92
8/26/2023 9:53,9,10,465.91,47.32,23.8,91
8/26/2023 9:52,6,6,462.58,45.24,23.8,91
8/26/2023 9:51,8,9,461.95,44.52,23.9,91
8/26/2023 9:50,6,6,462.04,45.21,24,90
8/26/2023 9:49,4,4,461.65,44.39,24.1,90
8/26/2023 9:48,7,7,460.77,43.09,24.2,90
8/26/2023 9:47,10,11,457.51,44.74,24.2,91
8/26/2023 9:46,11,12,466.02,45.13,24.2,91
8/26/2023 9:45,11,12,461.5,45.44,24.2,91
8/26/2023 9:44,11,12,455.18,45.47,24.3,91
8/26/2023 9:43,11,12,452.69,48.27,24.3,91
8/26/2023 9:42,10,11,452.28,50.78,24.2,91
8/26/2023 9:41,13,14,456.22,52.23,24.2,92
8/26/2023 9:40,14,15,457.73,46.24,24.1,92
8/26/2023 9:39,12,13,459.69,43.52,24,93
8/26/2023 9:38,13,14,460.23,44.42,23.9,92
8/26/2023 9:37,13,14,458.29,44.79,23.8,92
8/26/2023 9:36,12,13,458.91,45.66,23.8,92
8/26/2023 9:35,13,14,459.16,47.04,23.7,93
8/26/2023 9:33,13,14,460.17,48.52,23.6,93
8/26/2023 9:32,12,13,461.53,49.86,23.5,93
8/26/2023 9:31,12,13,462.49,48.14,23.5,93
8/26/2023 9:30,10,11,464.17,44.57,23.4,92
8/26/2023 9:29,11,12,468.31,41.77,23.4,92
8/26/2023 9:28,9,10,470.1,40.61,23.4,92
8/26/2023 9:27,11,12,454.69,48.25,23.4,92
8/26/2023 9:26,9,10,460.14,50.47,23.4,92
8/26/2023 9:24,9,10,462.39,51.78,23.5,92
8/26/2023 9:23,8,9,462.63,49.09,23.5,92
8/26/2023 9:22,9,10,458.69,47.65,23.6,92
8/26/2023 9:21,11,12,455.44,49.86,23.6,92
8/26/2023 9:20,10,11,455.14,44.99,23.6,92
8/26/2023 9:19,13,15,459.14,47.05,23.5,92
8/26/2023 9:18,12,13,461,49.37,23.6,92
8/26/2023 9:17,11,12,461.56,51.53,23.6,92
8/26/2023 9:16,12,13,455.21,42.9,23.7,92
8/26/2023 9:15,12,13,454.36,46.16,23.6,93
8/26/2023 9:14,13,14,458.44,50.48,23.6,93
8/26/2023 9:13,13,14,461.97,57.06,23.6,93
8/26/2023 9:12,11,12,462.25,58.12,23.5,93
8/26/2023 9:11,12,13,464.01,50.93,23.5,92
8/26/2023 9:10,12,13,460.85,44.54,23.6,92
8/26/2023 9:09,10,11,459.9,46.18,23.6,92
8/26/2023 9:08,10,11,457.53,48.18,23.5,93
8/26/2023 9:07,13,14,459.22,50.08,23.5,93
8/26/2023 9:06,13,14,459.67,49.68,23.5,93
8/26/2023 9:05,13,14,456.49,50.42,23.5,93
8/26/2023 9:04,13,14,452.87,46.25,23.4,93
8/26/2023 9:03,11,12,453.13,44.8,23.5,93
8/26/2023 9:02,13,14,452.86,42.61,23.5,93
8/26/2023 9:01,13,14,453.36,44.37,23.5,93
8/26/2023 9:00,13,15,450.43,46.01,23.5,92
8/26/2023 8:59,13,14,447.98,46.98,23.6,92
8/26/2023 8:58,8,9,454.54,47.49,23.6,91
8/26/2023 8:57,8,9,454.83,45.38,23.7,91
8/26/2023 8:56,9,10,458.55,44.73,23.7,91
8/26/2023 8:55,8,9,458.41,45.56,23.8,91
8/26/2023 8:54,11,12,455.06,46.88,23.8,91
8/26/2023 8:53,11,12,455.64,49.06,23.8,91
8/26/2023 8:52,11,12,456.25,48.35,23.9,91
8/26/2023 8:51,13,16,452.01,41.98,23.9,91
8/26/2023 8:50,12,13,452.15,41.49,23.9,91
8/26/2023 8:49,12,13,453.74,42.34,23.9,91
8/26/2023 8:48,11,13,452.59,44.09,23.9,91
8/26/2023 8:47,11,12,450.73,44.77,23.9,91
8/26/2023 8:46,13,14,453.07,46.73,23.8,92
8/26/2023 8:45,15,17,455.98,46.74,23.8,92
8/26/2023 8:44,15,17,454.44,47.19,23.7,92
8/26/2023 8:43,13,14,454.04,51.31,23.7,92
8/26/2023 8:42,13,14,452.25,55.13,23.7,91
8/26/2023 8:41,11,12,448.08,48.57,23.8,91
8/26/2023 8:40,9,10,449.81,53.73,23.8,91
8/26/2023 8:39,9,10,450.96,52.23,23.9,91
8/26/2023 8:38,11,12,451.63,48.04,23.8,91
8/26/2023 8:37,13,14,452.28,45.69,23.8,92
8/26/2023 8:36,14,15,451.35,48.95,23.8,92
8/26/2023 8:35,15,17,452.76,50.13,23.8,93
8/26/2023 8:34,16,18,450.71,53.89,23.7,93
8/26/2023 8:33,13,14,449.68,48.51,23.7,92
8/26/2023 8:32,15,17,449.2,45.06,23.6,92
8/26/2023 8:31,12,13,448.99,45.42,23.6,92
8/26/2023 8:30,10,11,451.15,45.36,23.6,92
8/26/2023 8:29,15,17,454.63,46.02,23.5,93
8/26/2023 8:28,13,14,448.1,47.36,23.4,93
8/26/2023 8:27,14,15,442.1,48.99,23.4,94
8/26/2023 8:26,13,14,443.02,48.75,23.3,94
8/26/2023 8:25,15,17,443.75,47.61,23.3,94
8/26/2023 8:24,12,14,444.35,46.31,23.2,94
8/26/2023 8:23,13,14,441.36,46.01,23.2,93
8/26/2023 8:22,12,13,441.35,45.93,23.2,93
8/26/2023 8:21,12,14,442.12,45.65,23.2,94
8/26/2023 8:20,13,14,442.58,45.39,23.2,94
8/26/2023 8:19,11,12,442.77,45.21,23.2,93
8/26/2023 8:18,10,11,442.13,44.5,23.2,93
8/26/2023 8:17,13,14,435.31,46.43,23.2,94
8/26/2023 8:16,16,18,429.21,45.01,23.2,94
8/26/2023 8:15,13,14,442.64,43.96,23.2,94
8/26/2023 8:14,17,19,444.05,45.6,23.2,94
8/26/2023 8:13,17,19,441.68,45.82,23.1,95
8/26/2023 8:12,17,19,443.47,46.6,23.1,95
8/26/2023 8:11,17,19,444.02,47.56,23.1,95
8/26/2023 8:10,17,19,440.86,45.37,23,95
8/26/2023 8:09,16,18,441.18,46.69,23,96
8/26/2023 8:08,16,18,443.79,47.34,22.9,96
8/26/2023 8:07,13,14,444.2,45.82,22.9,96
8/26/2023 8:06,17,19,443.8,47.13,22.8,96
8/26/2023 8:05,13,14,447.63,47.4,22.8,96
8/26/2023 8:04,13,14,449.5,48.04,22.7,97
8/26/2023 8:03,13,14,454.3,49.58,22.7,96
8/26/2023 8:02,12,13,451.29,50.91,22.7,96
8/26/2023 8:01,13,14,445.62,55.41,22.7,96
8/26/2023 8:00,12,13,442.56,60.05,22.7,97
8/26/2023 7:59,12,13,442.13,52.32,22.8,97
8/26/2023 7:58,9,10,443.8,53.04,22.8,97
8/26/2023 7:57,10,11,440.52,47.18,22.8,97
8/26/2023 7:56,10,11,436.37,50.25,22.7,97
8/26/2023 7:55,12,13,436.96,51.25,22.8,97
8/26/2023 7:54,8,9,439.16,53.65,22.8,96
8/26/2023 7:53,8,9,440.09,58.06,22.9,96
8/26/2023 7:52,10,11,434.08,52.07,22.9,97
8/26/2023 7:51,10,11,431.46,46.26,22.9,97
8/26/2023 7:50,9,10,436.15,45.52,22.9,97
8/26/2023 7:49,10,11,437.6,45.52,22.9,97
8/26/2023 7:48,10,11,434.54,43.27,22.9,97
8/26/2023 7:46,10,11,440.18,42.67,22.9,97
8/26/2023 7:44,7,7,442.52,41.53,22.9,97
8/26/2023 7:43,9,10,443.91,42.37,22.8,97
8/26/2023 7:42,10,11,445.42,43.81,22.8,97
8/26/2023 7:41,10,11,447.57,44.62,22.8,97
8/26/2023 7:40,8,9,454.03,44.98,22.7,97
8/26/2023 7:39,9,10,457.89,47.18,22.7,98
8/26/2023 7:38,10,11,439.37,44.3,22.6,98
8/26/2023 7:37,9,10,439.08,45.1,22.6,98
8/26/2023 7:36,10,11,443.29,46.1,22.6,98
8/26/2023 7:35,10,12,443.55,47.26,22.5,98
8/26/2023 7:34,8,9,441.19,49.1,22.4,98
8/26/2023 7:33,9,10,437.72,51.24,22.4,98
8/26/2023 7:32,6,6,433.36,51.43,22.4,98
8/26/2023 7:31,10,11,436.12,46.77,22.4,99
8/26/2023 7:30,9,10,438.24,43.68,22.4,99
8/26/2023 7:29,8,9,442.92,44.97,22.4,99
8/26/2023 7:28,8,9,440.47,44.81,22.3,99
8/26/2023 7:27,8,9,443.18,44.52,22.3,99
8/26/2023 7:26,8,9,443.59,43.46,22.3,99
8/26/2023 7:25,6,6,442.89,45.6,22.4,99
8/26/2023 7:24,8,9,439.46,46.74,22.3,99
8/26/2023 7:23,9,10,439.17,46.36,22.3,99
8/26/2023 7:22,11,12,441.51,45.41,22.3,99
8/26/2023 7:21,10,11,443.8,44.64,22.3,99
8/26/2023 7:20,12,13,444.95,46.32,22.3,99
8/26/2023 7:19,8,9,447.25,49.69,22.3,99
8/26/2023 7:18,11,12,446.31,47.47,22.3,99
8/26/2023 7:17,11,12,443.62,45.02,22.3,99
8/26/2023 7:16,11,12,440.99,44.03,22.2,99
8/26/2023 7:15,10,11,445.05,43,22.3,99
8/26/2023 7:14,11,12,445.5,44.22,22.2,100
8/26/2023 7:13,11,12,441.43,46.1,22.1,100
8/26/2023 7:12,11,13,441.44,45.35,22.1,100
8/26/2023 7:11,10,11,444.89,46.03,22.1,100
8/26/2023 7:10,13,14,447.19,45.03,22,100
8/26/2023 7:09,10,11,448.49,47.42,22,100
8/26/2023 7:08,10,11,448.02,51.47,22,100
8/26/2023 7:07,8,9,442.13,52.37,22,100
8/26/2023 7:06,10,12,440.27,51.84,22,100
8/26/2023 7:05,11,12,446.12,51.82,22,100
8/26/2023 7:04,10,11,450.25,51.45,21.9,100
8/26/2023 7:03,14,16,449.09,54.67,21.9,100
8/26/2023 7:02,13,14,443.17,49.88,21.8,100
8/26/2023 7:01,12,14,439.48,49.88,21.9,100
8/26/2023 7:00,12,13,437.56,48.04,21.9,100
8/26/2023 6:59,11,13,438.03,50.89,21.8,100
8/26/2023 6:58,14,15,439.59,53.02,21.9,100
8/26/2023 6:56,13,14,438.95,56.56,21.8,100
8/26/2023 6:55,15,17,437.58,51.86,21.8,100
8/26/2023 6:54,14,15,438.37,51.28,21.9,99.41
8/26/2023 6:53,13,14,441.12,55.08,21.8,99.62
8/26/2023 6:52,14,15,443.5,58.83,21.8,99.36
8/26/2023 6:51,16,18,442.53,48.08,21.8,99.19
8/26/2023 6:50,14,15,439.82,43.86,21.7,99.31
8/26/2023 6:48,15,17,438.88,44.29,21.8,99.55
8/26/2023 6:47,16,18,437.2,44.04,21.7,99.53
8/26/2023 6:46,15,17,434.54,43.15,21.8,99.19
8/26/2023 6:45,15,17,441.08,44.01,21.8,99.71
8/26/2023 6:44,16,18,440.96,44.28,21.8,99.66
8/26/2023 6:43,16,18,440.79,44.51,21.7,99.81
8/26/2023 6:42,16,18,437.18,46.85,21.7,99.29
8/26/2023 6:41,16,18,432.92,50.32,21.7,99.67
8/26/2023 6:40,15,17,427.32,50.59,21.7,99.64
8/26/2023 6:39,16,18,422.24,50.62,21.7,99.38
8/26/2023 6:38,15,17,430.76,48.63,21.7,99.58
8/26/2023 6:37,15,17,428.53,48.98,21.7,99.22
8/26/2023 6:36,15,17,433.87,46.17,21.7,99.25
8/26/2023 6:35,15,17,435.52,45.78,21.7,99.47
8/26/2023 6:34,14,15,435.55,46.02,21.7,99.55
8/26/2023 6:33,17,19,433.26,47.07,21.7,99.6
8/26/2023 6:31,15,17,429.62,49.72,21.7,99.42
8/26/2023 6:30,15,17,443.18,59.05,21.7,99.86
8/26/2023 6:28,16,18,444.84,56.59,21.6,99.52
8/26/2023 6:27,16,19,450.44,43.32,21.7,99.14
8/26/2023 6:25,16,18,441.38,52.91,21.7,99.14
8/26/2023 6:24,16,18,441.32,54.89,21.7,99.79
8/26/2023 6:23,14,15,441.6,56.32,21.7,99.71
8/26/2023 6:22,18,20,441.66,48.83,21.7,99.62
8/26/2023 6:21,16,18,439.17,46.67,21.7,99.29
8/26/2023 6:20,16,18,434.96,45.07,21.6,99.69
8/26/2023 6:19,16,18,431.83,44.91,21.6,99.49
8/26/2023 6:18,15,17,432.34,44.44,21.6,99.29
8/26/2023 6:17,16,18,431.32,44.9,21.6,99.45
8/26/2023 6:16,16,18,428.33,47.51,21.6,99.55
8/26/2023 6:15,17,19,434.89,53.16,21.6,99.46
8/26/2023 6:14,16,18,439.97,54.09,21.6,99.82
8/26/2023 6:13,13,14,439.17,53.5,21.6,99.13
8/26/2023 6:12,13,14,438.52,55.95,21.6,99.31
8/26/2023 6:11,14,15,436.39,51.52,21.6,99.52
8/26/2023 6:10,15,17,435.7,56.24,21.6,99.23
8/26/2023 6:09,13,14,435.44,64.49,21.6,99.64
8/26/2023 6:08,12,13,434.72,57.88,21.6,99.6
8/26/2023 6:07,12,13,438.1,46.67,21.6,99.87
8/26/2023 6:06,14,15,439.75,42.02,21.6,99.51
8/26/2023 6:05,11,12,441.3,44.37,21.6,100
8/26/2023 6:04,12,13,439.29,46.63,21.6,100
8/26/2023 6:03,12,13,441.92,46.76,21.6,100
8/26/2023 6:02,12,13,437.76,44.66,21.6,100
8/26/2023 6:01,12,13,435.85,46.7,21.5,100
8/26/2023 6:00,10,11,434.39,46.13,21.5,100
8/26/2023 5:59,12,14,439.57,48.54,21.6,100
8/26/2023 5:58,12,13,439.48,51.05,21.6,100
8/26/2023 5:57,9,10,439.98,53.93,21.6,99.41
8/26/2023 5:56,12,13,444.14,55.54,21.5,99.84
8/26/2023 5:55,12,13,447.36,62.57,21.5,99.16
8/26/2023 5:54,12,13,445.23,57.16,21.5,99.2
8/26/2023 5:53,12,13,440.45,60.93,21.5,99.61
8/26/2023 5:52,12,13,430.86,50.94,21.5,99.71
8/26/2023 5:51,12,13,422.82,44.1,21.5,99.33
8/26/2023 5:50,12,13,419.42,38.03,21.5,99.14
8/26/2023 5:49,13,14,439.16,52.46,21.5,99.45
8/26/2023 5:48,13,14,440.35,46.63,21.5,99.51
8/26/2023 5:47,14,15,437.28,46.1,21.5,99.66
8/26/2023 5:46,14,15,436.54,49,21.5,99.35
8/26/2023 5:45,14,15,438.81,53.89,21.5,99.2
8/26/2023 5:44,13,14,438.53,57.84,21.5,99.12
8/26/2023 5:43,16,18,436.56,50.88,21.5,99.15
8/26/2023 5:42,15,17,441.09,52.61,21.5,99.18
8/26/2023 5:41,14,15,438.88,42.32,21.6,99.41
8/26/2023 5:40,14,15,438.5,43.87,21.5,99.29
8/26/2023 5:39,15,17,439.95,45.49,21.5,99.27
8/26/2023 5:38,18,20,437.45,45.85,21.5,99.23
8/26/2023 5:37,18,20,442.09,44.13,21.4,99.51
8/26/2023 5:36,19,21,441.09,42.64,21.4,99.58
8/26/2023 5:35,20,22,433.82,44.85,21.4,99.28
8/26/2023 5:34,18,20,435.85,49.79,21.5,99.14
8/26/2023 5:33,17,19,442.92,55.95,21.4,99.85
8/26/2023 5:32,20,22,441.73,62.26,21.4,99.83
8/26/2023 5:31,17,19,438.1,56.34,21.4,99.44
8/26/2023 5:30,16,18,434.62,61.19,21.4,99.2
8/26/2023 5:29,15,17,435.32,52.65,21.4,99.14
8/26/2023 5:28,17,19,434.95,54.53,21.4,99.36
8/26/2023 5:27,15,17,434.21,45.8,21.4,99.67
8/26/2023 5:26,15,17,438.75,48.65,21.4,99.57
8/26/2023 5:25,15,17,438.42,51.18,21.4,99.54
8/26/2023 5:24,15,17,435.61,54.95,21.4,99.6
8/26/2023 5:23,14,15,438.32,47.93,21.5,99.85
8/26/2023 5:22,14,15,442.32,45.95,21.5,99.39
8/26/2023 5:21,15,17,442.48,48.1,21.4,99.36
8/26/2023 5:20,15,17,441.44,50.25,21.4,99.24
8/26/2023 5:19,15,17,438.2,53.73,21.4,99.38
8/26/2023 5:18,16,18,438.56,58.82,21.4,99.54
8/26/2023 5:17,15,17,433.71,52.66,21.4,99.67
8/26/2023 5:16,15,17,430.9,57.94,21.4,99.27
8/26/2023 5:15,16,18,421.5,51.53,21.4,99.52
8/26/2023 5:14,15,17,408.36,53.88,21.4,99.14
8/26/2023 5:13,15,17,443.27,46.65,21.4,99.68
8/26/2023 5:12,16,18,440.51,45.9,21.5,99.67
8/26/2023 5:11,15,17,438.5,44.93,21.4,99.68
8/26/2023 5:10,16,18,443.88,44.95,21.5,99.75
8/26/2023 5:09,13,14,446.1,43.66,21.5,99.81
8/26/2023 5:08,16,18,442.86,42.44,21.5,100
8/26/2023 5:07,13,14,442.05,43.12,21.5,100
8/26/2023 5:06,12,13,440.46,44.87,21.6,100
8/26/2023 5:05,11,12,439.45,44.97,21.6,100
8/26/2023 5:04,13,14,436.31,45.29,21.6,100
8/26/2023 5:03,9,10,435.28,45.59,21.6,100
8/26/2023 5:02,8,9,436.49,48.17,21.7,100
8/26/2023 5:01,9,10,436.4,50.25,21.7,100
8/26/2023 5:00,8,9,441.51,53.16,21.7,100
8/26/2023 4:59,7,7,448.29,57.1,21.7,100
8/26/2023 4:58,8,9,446.32,47.39,21.7,100
8/26/2023 4:57,7,7,441.47,51.32,21.7,100
8/26/2023 4:56,8,9,440.14,52.7,21.7,100
8/26/2023 4:55,6,6,441.84,53.96,21.8,100
8/26/2023 4:54,7,7,442.51,48.29,21.8,100
8/26/2023 4:53,8,9,445.92,53.26,21.7,100
8/26/2023 4:52,8,9,446.93,57.52,21.7,100
8/26/2023 4:51,6,6,441.22,50.82,21.7,100
8/26/2023 4:50,7,7,437.79,56.11,21.7,100
8/26/2023 4:49,10,11,440.95,59.45,21.7,100
8/26/2023 4:48,7,7,438.3,49.6,21.7,100
8/26/2023 4:47,7,7,442.22,48.75,21.8,100
8/26/2023 4:46,8,9,447.67,53.42,21.8,100
8/26/2023 4:45,7,7,448.76,55.79,21.8,100
8/26/2023 4:44,8,10,447.32,49.37,21.8,100
8/26/2023 4:43,7,7,441.17,46.12,21.7,100
8/26/2023 4:42,6,6,437.57,44.14,21.8,100
8/26/2023 4:41,6,6,433.01,43.97,21.8,100
8/26/2023 4:39,9,10,424.34,45.12,21.7,100
8/26/2023 4:38,9,10,407.79,47.02,21.7,100
8/26/2023 4:37,8,9,385.41,44.57,21.7,100
8/26/2023 4:36,9,10,440.9,58.78,21.7,100
8/26/2023 4:35,7,7,439.02,64.18,21.7,100
8/26/2023 4:34,8,9,438.69,57.65,21.7,100
8/26/2023 4:33,7,7,443.03,58.57,21.7,100
8/26/2023 4:32,8,9,442.42,57.43,21.7,100
8/26/2023 4:31,7,7,441.29,62.67,21.7,100
8/26/2023 4:30,8,9,441.67,59.24,21.6,100
8/26/2023 4:29,8,9,439.65,59.48,21.7,100
8/26/2023 4:28,7,7,441.02,52.34,21.6,100
8/26/2023 4:27,6,6,445,55.31,21.6,100
8/26/2023 4:26,8,9,446.83,50.12,21.6,100
8/26/2023 4:25,8,9,449.27,52.25,21.6,100
8/26/2023 4:24,8,9,444.45,45.14,21.6,100
8/26/2023 4:23,7,7,435.31,45.14,21.6,100
8/26/2023 4:22,8,9,430.82,43.63,21.6,100
8/26/2023 4:21,8,9,436.31,44.41,21.6,100
8/26/2023 4:20,6,6,441.78,47.29,21.6,100
8/26/2023 4:19,7,7,442.07,51.66,21.6,100
8/26/2023 4:18,6,6,441.8,57.34,21.6,100
8/26/2023 4:17,6,6,440.05,49.82,21.6,100
8/26/2023 4:16,6,6,443.12,52.39,21.6,100
8/26/2023 4:15,7,7,438.65,56.4,21.6,100
8/26/2023 4:14,7,7,437.55,47.82,21.6,100
8/26/2023 4:13,6,6,441.84,51,21.6,100
8/26/2023 4:12,6,6,444.21,46.29,21.6,100
8/26/2023 4:11,6,6,442.02,43.8,21.6,100
8/26/2023 4:10,7,7,433.72,44.6,21.6,100
8/26/2023 4:09,6,6,431.76,45.8,21.6,100
8/26/2023 4:08,7,7,434.35,48.48,21.6,100
8/26/2023 4:07,6,6,437.83,46.84,21.6,100
8/26/2023 4:06,6,6,442.61,49.34,21.7,100
8/26/2023 4:05,5,5,445.66,49.28,21.7,100
8/26/2023 4:04,6,6,442.72,50.18,21.7,100
8/26/2023 4:03,7,7,440.04,51.1,21.7,100
8/26/2023 4:02,6,6,442.66,53.63,21.7,100
8/26/2023 4:01,6,6,445.19,46.81,21.7,100
8/26/2023 4:00,7,7,440.06,48.73,21.7,100
8/26/2023 3:59,5,5,440.53,50.39,21.7,100
8/26/2023 3:58,7,8,441.17,47.17,21.7,100
8/26/2023 3:57,5,5,439.06,49.67,21.7,100
8/26/2023 3:56,8,9,438.86,50.7,21.7,100
8/26/2023 3:55,5,5,439.52,54.47,21.7,100
8/26/2023 3:54,6,6,436.05,46.95,21.7,100
8/26/2023 3:53,6,6,437.25,52.04,21.7,100
8/26/2023 3:52,6,6,439.51,56.85,21.6,100
8/26/2023 3:51,7,7,439.9,59.24,21.6,100
8/26/2023 3:50,7,7,440.62,50.04,21.7,100
8/26/2023 3:49,7,7,440.15,50.39,21.6,100
8/26/2023 3:48,7,7,435.67,48.17,21.6,100
8/26/2023 3:47,8,9,430.12,46.11,21.6,100
8/26/2023 3:46,8,9,434.85,47.52,21.6,100
8/26/2023 3:45,7,7,435.87,47.92,21.6,100
8/26/2023 3:44,9,10,431.1,45.86,21.6,100
8/26/2023 3:43,8,9,433.27,49.86,21.6,100
8/26/2023 3:42,8,9,435.34,52.13,21.6,100
8/26/2023 3:41,6,6,432.6,55.29,21.6,100
8/26/2023 3:40,7,7,434.26,58.63,21.6,100
8/26/2023 3:39,8,9,433.57,47.98,21.6,100
8/26/2023 3:38,5,5,430.25,46.97,21.6,100
8/26/2023 3:37,6,6,431.46,49.21,21.5,100
8/26/2023 3:36,5,5,434.9,52.99,21.6,100
8/26/2023 3:35,6,6,441.51,56.85,21.6,100
8/26/2023 3:34,6,6,445.12,64.59,21.6,100
8/26/2023 3:33,6,6,441.6,58.93,21.6,100
8/26/2023 3:32,4,4,434.2,51.63,21.7,100
8/26/2023 3:31,5,5,433.02,54.88,21.6,100
8/26/2023 3:30,5,5,438.06,57.77,21.6,100
8/26/2023 3:29,5,5,440.55,62.43,21.5,100
8/26/2023 3:28,6,6,441.55,54.29,21.6,100
8/26/2023 3:27,4,4,446.9,53.11,21.5,100
8/26/2023 3:26,5,5,449.96,56.6,21.6,100
8/26/2023 3:25,4,4,453.54,46.52,21.6,100
8/26/2023 3:23,4,4,437.22,46.26,21.6,100
8/26/2023 3:22,4,4,435.76,45.09,21.5,100
8/26/2023 3:21,5,5,438.08,46.01,21.6,100
8/26/2023 3:20,5,5,440.69,49.75,21.6,100
8/26/2023 3:19,3,3,441.97,53.4,21.6,100
8/26/2023 3:18,3,3,440.59,45.27,21.6,100
8/26/2023 3:17,5,5,438.96,46.67,21.5,100
8/26/2023 3:16,3,3,439.77,46.8,21.6,100
8/26/2023 3:15,5,5,439.46,48.81,21.6,100
8/26/2023 3:14,3,3,437.7,44.45,21.6,100
8/26/2023 3:13,5,5,438.97,45.41,21.6,100
8/26/2023 3:12,4,4,438.45,44.99,21.6,100
8/26/2023 3:11,3,3,439.33,46.77,21.6,100
8/26/2023 3:10,5,5,434.88,48.43,21.6,100
8/26/2023 3:09,5,5,436.39,52.21,21.6,100
8/26/2023 3:08,4,4,441.14,55.03,21.6,100
8/26/2023 3:07,0,0,441.06,45.24,21.5,100
8/26/2023 3:06,5,5,439.62,49.65,21.5,100
8/26/2023 3:05,4,4,441.52,51.38,21.5,100
8/26/2023 3:04,5,5,441.83,53.93,21.6,100
8/26/2023 3:03,4,4,439.55,42.89,21.5,100
8/26/2023 3:02,5,5,439.71,43.5,21.5,100
8/26/2023 3:01,7,8,440.62,44.3,21.4,100
8/26/2023 3:00,6,7,437.93,45.88,21.5,100
8/26/2023 2:59,5,5,436.37,46.91,21.5,100
8/26/2023 2:58,5,5,435.42,44.12,21.5,100
8/26/2023 2:57,6,6,438.22,45.92,21.5,100
8/26/2023 2:56,6,6,435.56,44.31,21.5,100
8/26/2023 2:55,5,5,433.56,44.58,21.5,100
8/26/2023 2:54,4,4,437.57,43.86,21.4,100
8/26/2023 2:53,5,5,438.86,43.64,21.4,100
8/26/2023 2:52,6,7,434.5,43.8,21.3,100
8/26/2023 2:51,7,7,434.61,44.24,21.4,100
8/26/2023 2:50,7,7,430.65,42.98,21.4,100
8/26/2023 2:49,6,6,424.82,42.88,21.4,100
8/26/2023 2:48,5,5,411.87,35.9,21.4,100
8/26/2023 2:47,6,6,441.84,56.62,21.4,100
8/26/2023 2:46,5,5,447.05,62.83,21.4,100
8/26/2023 2:45,5,5,444.5,56.74,21.4,100
8/26/2023 2:44,6,6,438.81,46.98,21.4,100
8/26/2023 2:43,6,6,438.26,48.52,21.4,100
8/26/2023 2:42,7,7,433.57,46.88,21.4,100
8/26/2023 2:41,6,6,432.14,48.99,21.4,100
8/26/2023 2:40,6,6,433.16,54.35,21.4,100
8/26/2023 2:39,5,5,437.48,60.3,21.4,100
8/26/2023 2:38,8,9,435.59,53.44,21.4,100
8/26/2023 2:37,5,5,439.69,52.59,21.4,100
8/26/2023 2:36,6,6,443.64,47.08,21.5,100
8/26/2023 2:35,6,7,444.05,47.32,21.5,100
8/26/2023 2:34,6,6,441.27,48.15,21.5,100
8/26/2023 2:33,6,6,442.78,50.51,21.6,100
8/26/2023 2:32,4,4,444.39,56.5,21.5,100
8/26/2023 2:31,7,7,443.3,60.81,21.5,100
8/26/2023 2:30,4,4,441.26,56.26,21.5,100
8/26/2023 2:29,6,6,440.05,62.75,21.5,100
8/26/2023 2:28,7,7,441.54,56.44,21.5,100
8/26/2023 2:27,7,7,447.89,58.26,21.5,100
8/26/2023 2:26,7,7,449.42,52.85,21.5,100
8/26/2023 2:25,6,7,449.37,55.21,21.5,100
8/26/2023 2:24,8,9,447.85,60,21.5,100
8/26/2023 2:23,6,6,444.88,53.25,21.5,100
8/26/2023 2:22,6,7,445.09,59.14,21.5,100
8/26/2023 2:21,8,9,443.67,57.75,21.5,100
8/26/2023 2:20,6,6,441.5,49.46,21.5,100
8/26/2023 2:19,7,7,446.1,42.13,21.5,100
8/26/2023 2:18,6,6,443.06,44.25,21.5,100
8/26/2023 2:17,6,6,441.72,46.4,21.5,100
8/26/2023 2:16,6,6,438.5,48.11,21.5,100
8/26/2023 2:15,6,6,433.67,45.42,21.5,100
8/26/2023 2:14,7,7,434.85,47,21.5,100
8/26/2023 2:13,7,7,436.14,45.93,21.5,100
8/26/2023 2:12,6,7,442.13,45.21,21.5,100
8/26/2023 2:11,7,7,446.9,50.67,21.5,100
8/26/2023 2:10,7,7,445.74,43.78,21.6,100
8/26/2023 2:09,7,8,446.14,43.44,21.6,100
8/26/2023 2:08,8,9,443.3,45.9,21.6,100
8/26/2023 2:07,9,10,445.08,47.93,21.6,100
8/26/2023 2:06,11,12,445.76,50.02,21.5,100
8/26/2023 2:05,11,12,447.31,51.85,21.5,100
8/26/2023 2:04,11,12,447.27,51.92,21.5,100
8/26/2023 2:03,10,12,443.99,49.74,21.6,100
8/26/2023 2:02,8,9,445.74,54.08,21.7,100
8/26/2023 2:01,9,10,447,53.27,21.6,100
8/26/2023 2:00,9,10,445.81,53.09,21.6,100
8/26/2023 1:59,11,12,444.4,54.74,21.6,100
8/26/2023 1:58,10,11,446.62,57.88,21.6,100
8/26/2023 1:57,10,11,447.12,48.74,21.5,100
8/26/2023 1:56,8,9,441.79,48.6,21.5,100
8/26/2023 1:55,9,10,437.47,54.26,21.6,100
8/26/2023 1:54,9,10,439.09,60.9,21.5,100
8/26/2023 1:53,9,10,433.66,54.18,21.6,100
8/26/2023 1:52,9,10,430.75,49.39,21.6,100
8/26/2023 1:51,7,7,437.15,49.58,21.6,100
8/26/2023 1:50,9,10,444.47,51.84,21.6,100
8/26/2023 1:49,9,10,448.39,55.93,21.6,100
8/26/2023 1:48,6,6,448.23,61.17,21.6,100
8/26/2023 1:47,8,9,446.25,53.43,21.5,100
8/26/2023 1:46,9,10,444.14,47.38,21.6,100
8/26/2023 1:45,8,9,442.43,51.97,21.6,100
8/26/2023 1:44,7,8,441.92,57.95,21.6,100
8/26/2023 1:43,8,9,444,57.99,21.6,100
8/26/2023 1:42,7,7,442.73,50.58,21.6,100
8/26/2023 1:41,6,6,437.15,51.73,21.6,100
8/26/2023 1:40,7,7,441.23,55.44,21.6,100
8/26/2023 1:39,6,6,443.31,44.62,21.6,100
8/26/2023 1:38,6,6,444.66,45.63,21.5,100
8/26/2023 1:37,6,6,449.06,42.88,21.6,100
8/26/2023 1:36,7,8,453.37,42.4,21.5,100
8/26/2023 1:34,5,5,444.65,53.24,21.5,100
8/26/2023 1:33,6,6,445,57.92,21.5,100
8/26/2023 1:32,7,7,445.01,50.54,21.5,100
8/26/2023 1:31,8,9,448,54.44,21.5,100
8/26/2023 1:30,7,7,451.65,42.87,21.5,100
8/26/2023 1:29,6,6,452.01,45.16,21.5,100
8/26/2023 1:28,7,7,449.06,47.87,21.5,100
8/26/2023 1:27,6,7,444.16,47.27,21.5,100
8/26/2023 1:26,7,7,445.34,51.35,21.5,100
8/26/2023 1:25,5,5,445.56,56.33,21.5,100
8/26/2023 1:24,6,6,447.37,52.45,21.5,100
8/26/2023 1:23,5,6,443.52,54.32,21.5,100
8/26/2023 1:22,6,6,445.79,58.22,21.5,100
8/26/2023 1:21,6,6,442.64,47.7,21.5,100
8/26/2023 1:20,7,7,439.58,47.56,21.5,100
8/26/2023 1:19,6,6,444.3,51.26,21.5,100
8/26/2023 1:18,7,7,451.91,59.44,21.5,100
8/26/2023 1:17,8,9,454.2,70.34,21.6,100
8/26/2023 1:16,5,5,449.43,70.34,21.6,100
8/26/2023 1:15,6,7,446.14,64.89,21.5,100
8/26/2023 1:14,6,6,443.15,56.34,21.5,100
8/26/2023 1:13,6,6,445.62,47.54,21.5,100
8/26/2023 1:12,6,6,446.67,50.59,21.5,100
8/26/2023 1:11,6,6,446.66,52.27,21.5,100
8/26/2023 1:10,5,5,447.16,44.02,21.6,100
8/26/2023 1:09,6,6,446.78,46.59,21.5,100
8/26/2023 1:08,6,6,441.77,49.84,21.5,100
8/26/2023 1:07,6,7,441.55,53.67,21.5,100
8/26/2023 1:06,6,6,441.29,52.5,21.5,100
8/26/2023 1:05,5,6,437.44,41.8,21.5,100
8/26/2023 1:04,6,6,441.64,43.28,21.5,100
8/26/2023 1:03,5,5,451.27,45.13,21.5,100
8/26/2023 1:02,7,7,455.18,46.66,21.5,100
8/26/2023 1:01,6,6,459.79,45.47,21.6,99.13
8/26/2023 1:00,6,6,470.73,46.09,21.5,99.75
8/26/2023 0:59,8,9,486.39,47.32,21.5,99.81
8/26/2023 0:58,8,9,444.38,47.79,21.5,99.56
8/26/2023 0:57,6,6,449.8,52.21,21.5,100
8/26/2023 0:56,5,5,454.53,57.61,21.5,100
8/26/2023 0:55,6,7,452.89,54.06,21.6,100
8/26/2023 0:54,8,9,448.56,48.35,21.6,100
8/26/2023 0:52,6,6,446.16,46.49,21.6,100
8/26/2023 0:51,5,5,445.45,45.53,21.7,100
8/26/2023 0:50,6,6,447.6,47.74,21.6,100
8/26/2023 0:49,6,6,444.56,49.3,21.6,100
8/26/2023 0:48,7,7,443.45,50,21.6,100
8/26/2023 0:47,8,9,441.34,44.93,21.6,100
8/26/2023 0:46,6,6,441.11,45.78,21.6,100
8/26/2023 0:45,9,10,440.55,47.29,21.6,100
8/26/2023 0:44,8,9,443.12,48.61,21.6,100
8/26/2023 0:43,7,7,444.64,52.79,21.7,100
8/26/2023 0:42,7,7,441.39,55.19,21.7,100
8/26/2023 0:41,7,8,442.08,55.81,21.7,100
8/26/2023 0:40,7,7,439.35,44.7,21.7,100
8/26/2023 0:39,8,9,440.53,45.67,21.7,100
8/26/2023 0:38,8,9,445.22,48.52,21.7,100
8/26/2023 0:37,7,7,444.4,49.86,21.7,100
8/26/2023 0:36,8,9,442.57,51.97,21.7,100
8/26/2023 0:35,8,9,442.14,55,21.7,100
8/26/2023 0:34,8,9,445.83,47.36,21.8,100
8/26/2023 0:33,7,7,446.45,50.3,21.8,100
8/26/2023 0:32,5,5,443.62,53.52,21.8,100
8/26/2023 0:31,5,5,446.05,49.11,21.7,100
8/26/2023 0:30,7,7,452.3,51.13,21.7,100
8/26/2023 0:29,7,7,456.78,53.29,21.7,100
8/26/2023 0:28,6,6,453.88,53.56,21.8,100
8/26/2023 0:27,7,7,454.83,53.27,21.8,100
8/26/2023 0:26,6,6,447.04,46.71,21.8,100
8/26/2023 0:25,6,6,442.86,51.1,21.8,100
8/26/2023 0:24,6,6,442.24,54.1,21.7,100
8/26/2023 0:23,7,7,443.08,59.31,21.8,100
8/26/2023 0:22,8,9,447.74,54.61,21.8,100
8/26/2023 0:21,7,8,447.69,51.88,21.8,100
8/26/2023 0:20,8,9,448.3,44.54,21.8,100
8/26/2023 0:19,7,8,450.24,43.35,21.8,100
8/26/2023 0:18,9,10,445.16,43.25,21.8,99
8/26/2023 0:17,8,9,444.36,43.61,21.9,99
8/26/2023 0:16,8,9,444.45,45.1,21.8,100
8/26/2023 0:15,7,7,442.59,43.59,21.8,100
8/26/2023 0:14,9,10,443.02,43.24,21.8,99
8/26/2023 0:13,10,11,441.94,42.99,21.8,100
8/26/2023 0:12,8,9,442.5,43.6,21.8,99
8/26/2023 0:11,9,10,442.48,45.85,21.8,99
8/26/2023 0:10,8,9,442.49,49.3,21.8,99
8/26/2023 0:09,8,9,448.73,52.43,21.8,99
8/26/2023 0:08,8,9,452.65,54.57,21.8,99
8/26/2023 0:07,8,9,457.1,45.24,21.8,99
8/26/2023 0:06,10,11,454.78,44.47,21.8,99
8/26/2023 0:05,9,10,453.92,44.54,21.8,99
8/26/2023 0:04,12,13,450.12,44.32,21.8,99
8/26/2023 0:03,11,13,449.24,45.72,21.8,99
8/26/2023 0:02,13,15,450.35,49.02,21.8,99
8/26/2023 0:01,11,12,449.57,51.94,21.8,99
8/26/2023 0:00,11,12,447.66,46.59,21.8,99
8/25/2023 23:59,11,12,442.04,48.86,21.8,99
8/25/2023 23:58,10,11,447.42,50.87,21.8,99
8/25/2023 23:57,12,13,449.9,54.54,21.8,99
8/25/2023 23:56,14,15,449.46,56.16,21.8,99
8/25/2023 23:55,12,13,451.82,48.88,21.9,99
8/25/2023 23:54,11,12,454.4,52.19,21.9,99
8/25/2023 23:53,11,12,455.26,51.41,21.9,99
8/25/2023 23:52,14,15,457.17,52.08,21.8,100
8/25/2023 23:51,17,19,460.06,55.3,21.9,100
8/25/2023 23:50,15,17,463.59,48.57,21.8,100
8/25/2023 23:49,16,18,470.36,51.87,21.8,100
8/25/2023 23:48,17,19,475.67,46.3,21.8,100
8/25/2023 23:47,20,22,484.4,46.68,21.8,100
8/25/2023 23:45,18,20,450.02,47.71,21.8,100
8/25/2023 23:44,19,21,447.35,49.9,21.8,100
8/25/2023 23:43,17,19,449.64,53.45,21.9,100
8/25/2023 23:42,17,19,452.06,55.88,21.8,100
8/25/2023 23:41,16,18,450.64,46.61,21.9,100
8/25/2023 23:40,14,16,448.45,46.59,21.9,100
8/25/2023 23:39,12,13,443.31,46.33,21.9,100
8/25/2023 23:38,15,17,447.96,45.89,21.9,100
8/25/2023 23:37,14,15,451.86,46.28,21.8,100
8/25/2023 23:36,12,13,455.55,46.94,21.9,100
8/25/2023 23:35,11,12,451.48,48.2,21.9,100
8/25/2023 23:34,12,13,448.34,46.92,21.9,100
8/25/2023 23:33,12,13,447.12,45.92,21.9,99
8/25/2023 23:32,12,13,448.57,47.73,21.9,99
8/25/2023 23:31,11,12,450,50.67,21.9,99
8/25/2023 23:30,9,10,446.25,55.72,21.9,99
8/25/2023 23:29,9,10,445.35,58,21.9,99
8/25/2023 23:28,11,12,442.92,50.91,21.9,99
8/25/2023 23:27,10,11,448.76,55.34,21.9,99
8/25/2023 23:26,9,10,450.95,56.72,21.9,99
8/25/2023 23:25,9,10,449.53,48.49,21.9,99
8/25/2023 23:24,10,11,446.81,51.02,21.9,99
8/25/2023 23:23,10,11,446.25,54.2,21.9,99
8/25/2023 23:22,11,12,441.95,46.13,21.9,99
8/25/2023 23:21,9,10,437.58,45.69,22,99
8/25/2023 23:20,9,10,441.59,46.32,21.9,99
8/25/2023 23:19,9,10,445.4,48.91,21.9,99
8/25/2023 23:18,11,12,449.92,51.71,21.9,99
8/25/2023 23:17,9,10,444.37,47.02,22,99
8/25/2023 23:16,10,11,446.62,48.26,21.9,99
8/25/2023 23:15,9,10,448.88,45.28,21.9,99
8/25/2023 23:14,11,12,445.83,46.53,21.9,99
8/25/2023 23:13,9,10,450.47,44.15,21.9,99
8/25/2023 23:12,11,12,459.02,43.23,21.9,99
8/25/2023 23:11,10,11,468.57,40.87,22,99
8/25/2023 23:10,10,11,476.29,39.98,22,99
8/25/2023 23:09,9,10,441.74,45.86,22,99
8/25/2023 23:08,10,11,442.66,45.88,21.9,99
8/25/2023 23:07,11,12,443.02,47.4,21.9,98
8/25/2023 23:06,11,12,443.98,47.75,21.9,98
8/25/2023 23:05,8,9,440.63,48.49,21.9,98
8/25/2023 23:04,10,11,441.01,46.18,21.9,98
8/25/2023 23:03,9,10,443.21,44.59,22,98
8/25/2023 23:02,9,10,441.99,44.69,22,98
8/25/2023 23:01,9,10,441.88,46.02,21.9,98
8/25/2023 23:00,10,11,437.94,46.17,21.9,98
8/25/2023 22:59,9,10,439.11,45.58,22,98
8/25/2023 22:58,8,9,444.44,45.47,22,98
8/25/2023 22:57,8,9,447.82,45.61,22,98
8/25/2023 22:56,7,7,449.16,45.44,22,98
8/25/2023 22:55,10,11,447.12,45.55,22,98
8/25/2023 22:54,12,16,439.13,45.4,22,98
8/25/2023 22:53,12,13,434.07,46.02,22,98
8/25/2023 22:52,14,15,437.66,46.34,22,98
8/25/2023 22:51,12,13,439.38,46.01,22,98
8/25/2023 22:50,13,14,440.55,47.31,22,97
8/25/2023 22:49,11,12,439.02,49.85,22,97
8/25/2023 22:48,15,17,443.31,49.33,22,97
8/25/2023 22:47,12,13,448.83,52.38,22,97
8/25/2023 22:46,12,13,448.54,55.48,22,98
8/25/2023 22:45,11,12,447.52,59.58,22,97
8/25/2023 22:44,10,11,449.87,51.57,22,97
8/25/2023 22:43,9,10,449.3,52.92,22,97
8/25/2023 22:42,9,10,446.5,52.31,22.1,97
8/25/2023 22:41,7,7,445,49.06,22.1,97
8/25/2023 22:40,6,7,444.16,49.65,22.1,97
8/25/2023 22:39,6,6,441.43,47.15,22.1,97
8/25/2023 22:38,7,7,440.04,48.22,22.1,97
8/25/2023 22:37,6,6,438.08,46.75,22,97
8/25/2023 22:36,6,6,438.08,47.4,22,97
8/25/2023 22:35,6,6,433.13,40.78,22,97
8/25/2023 22:34,8,9,426.41,38.19,22,97
8/25/2023 22:33,7,7,447.35,44.92,22,97
8/25/2023 22:32,6,6,448.51,47.44,22,97
8/25/2023 22:31,5,5,447.34,50.32,22,97
8/25/2023 22:30,6,6,443.25,52.24,22,97
8/25/2023 22:29,7,8,443.57,58.23,22,98
8/25/2023 22:28,6,6,443.11,58.2,22,97
8/25/2023 22:27,8,9,439.76,48.45,22,97
8/25/2023 22:26,6,7,442.16,48.54,22,97
8/25/2023 22:25,5,5,443.8,49.18,22,97
8/25/2023 22:24,6,6,446.01,46.4,22,97
8/25/2023 22:23,8,9,447.57,45.74,22,97
8/25/2023 22:22,6,6,444.29,45.53,22,97
8/25/2023 22:21,8,9,445.15,45.38,22,97
8/25/2023 22:20,6,6,447.36,46.06,22.1,97
8/25/2023 22:19,6,6,447.3,47.55,22,97
8/25/2023 22:18,7,7,445.23,45.51,22,97
8/25/2023 22:17,6,6,444.55,46.91,22,97
8/25/2023 22:16,6,6,444.22,50.48,22,97
8/25/2023 22:15,8,9,442.34,54.59,22,97
8/25/2023 22:14,6,6,438.77,51.28,22,97
8/25/2023 22:13,6,6,441.39,49.75,22,97
8/25/2023 22:12,7,7,442.74,51.95,22,97
8/25/2023 22:11,6,6,442.03,53.59,22.1,97
8/25/2023 22:10,6,6,440.3,51.65,22,97
8/25/2023 22:09,6,6,439.35,48.07,22,97
8/25/2023 22:08,6,6,440.68,49.99,22,97
8/25/2023 22:07,5,5,447.48,47.17,22.1,97
8/25/2023 22:06,6,6,446.88,49.81,22,97
8/25/2023 22:05,7,7,442.84,52.22,22,97
8/25/2023 22:04,6,6,448.48,53.9,22,97
8/25/2023 22:03,6,6,449.9,49.93,22,97
8/25/2023 22:02,7,7,447.56,51.46,22,97
8/25/2023 22:01,5,5,448.92,55.07,22,97
8/25/2023 22:00,7,7,456.42,56.02,22,97
8/25/2023 21:59,6,6,466.69,47.08,22.1,97
8/25/2023 21:58,6,6,473.46,47.3,22,97
8/25/2023 21:57,8,9,443.96,46.12,22,97
8/25/2023 21:56,8,9,444.43,44.35,22,97
8/25/2023 21:55,6,6,440.63,42.67,22,97
8/25/2023 21:53,7,8,444.51,43.87,22,97
8/25/2023 21:52,6,7,446.43,44.85,22,97
8/25/2023 21:51,6,6,453.37,46.81,22.1,97
8/25/2023 21:49,8,9,451.8,47.94,22,98
8/25/2023 21:48,8,9,446.66,44.98,22,97
8/25/2023 21:47,7,7,438.24,44.06,22.1,97
8/25/2023 21:46,8,9,436.01,45.19,22,97
8/25/2023 21:45,9,10,439.71,47.18,22.1,97
8/25/2023 21:44,6,7,438.67,48.17,22.1,97
8/25/2023 21:43,7,8,440.47,48.33,22,98
8/25/2023 21:42,8,9,445.8,44.2,22,97
8/25/2023 21:41,8,9,454.56,43.55,22,97
8/25/2023 21:40,8,9,454.54,45.09,22.1,97
8/25/2023 21:39,6,7,452.52,46.54,22.1,97
8/25/2023 21:38,6,6,449.75,47.75,22.1,97
8/25/2023 21:37,9,10,448.82,49.07,22.1,97
8/25/2023 21:36,7,8,447.54,47.66,22,98
8/25/2023 21:35,6,6,447.62,44.85,22,98
8/25/2023 21:34,7,7,449.5,45.79,22,98
8/25/2023 21:33,8,9,446.5,45.82,22,98
8/25/2023 21:32,6,6,447.69,43.51,22,98
8/25/2023 21:30,7,7,446.48,41.85,22,98
8/25/2023 21:29,8,9,446.83,44.11,21.9,98
8/25/2023 21:28,7,7,448.05,45.1,22,98
8/25/2023 21:27,8,9,445.14,46.59,21.9,98
8/25/2023 21:26,7,7,443.88,47.05,21.9,98
8/25/2023 21:25,8,9,442.44,44.64,21.9,98
8/25/2023 21:23,6,7,444.62,46.87,21.9,98
8/25/2023 21:22,7,7,437.76,46.81,21.9,98
8/25/2023 21:21,6,6,431.06,40.95,21.9,98
8/25/2023 21:20,7,7,444.2,46.62,21.9,98
8/25/2023 21:19,7,7,445.65,46.44,21.9,98
8/25/2023 21:17,7,7,445.8,48.01,21.9,98
8/25/2023 21:16,6,6,445.63,46.13,21.9,98
8/25/2023 21:15,7,7,443.85,47.87,21.9,98
8/25/2023 21:14,7,7,439.78,46.92,21.8,98
8/25/2023 21:13,8,9,445.66,46,21.8,98
8/25/2023 21:12,7,7,447.02,45.06,21.9,98
8/25/2023 21:11,6,6,443.2,46.68,21.9,98
8/25/2023 21:10,7,7,449.84,45.58,21.9,98
8/25/2023 21:09,6,6,451.07,46.3,21.9,98
8/25/2023 21:07,6,6,447.87,47.09,21.9,99
8/25/2023 21:06,7,7,445.26,45.82,21.9,99
8/25/2023 21:05,8,9,446.15,46.49,21.9,99
8/25/2023 21:04,6,7,446.94,47.9,21.9,99
8/25/2023 21:03,8,9,445.62,48.71,21.9,99
8/25/2023 21:02,5,5,452.58,47.34,21.9,99
8/25/2023 21:01,8,9,452.32,47.26,21.8,99
8/25/2023 21:00,6,6,452.63,46.64,21.8,99
8/25/2023 20:59,7,7,447.36,46.82,21.8,99
8/25/2023 20:58,7,7,445.95,47.62,21.8,99
8/25/2023 20:57,7,7,445.57,47.99,21.9,99
8/25/2023 20:56,6,6,445.17,49.06,21.9,99
8/25/2023 20:55,6,6,444.57,48.05,21.8,99
8/25/2023 20:54,6,6,441.59,46.71,21.8,99
8/25/2023 20:53,7,7,441.92,48.16,21.7,99
8/25/2023 20:52,7,7,443.62,49.82,21.8,99
8/25/2023 20:51,5,5,446.48,48.54,21.8,99
8/25/2023 20:50,6,6,440.48,48.54,21.7,99
8/25/2023 20:49,6,6,438.5,49.66,21.8,99
8/25/2023 20:48,6,6,441.75,47.64,21.8,99
8/25/2023 20:47,7,7,439.61,47.55,21.8,99
8/25/2023 20:46,6,6,441.23,46.23,21.8,99
8/25/2023 20:45,4,4,437.56,48.91,21.8,99
8/25/2023 20:44,6,6,438.68,46.54,21.8,99
8/25/2023 20:43,5,5,436.87,48.59,21.8,99
8/25/2023 20:42,4,4,440.11,49.06,21.8,99
8/25/2023 20:41,6,6,447.22,46.68,21.8,99
8/25/2023 20:40,6,6,444.86,46.72,21.8,99
8/25/2023 20:39,6,6,441.52,46.03,21.8,99
8/25/2023 20:38,8,9,441.05,46.46,21.7,99
8/25/2023 20:37,5,5,439.07,47.01,21.8,99
8/25/2023 20:36,6,6,441.14,46.99,21.7,99
8/25/2023 20:35,5,5,447.14,46.49,21.7,99
8/25/2023 20:34,5,5,450.65,46.27,21.8,99
8/25/2023 20:33,5,6,455.36,47.92,21.8,99
8/25/2023 20:32,3,3,458.6,48.56,21.9,99
8/25/2023 20:31,5,5,458.54,47.73,21.8,99
8/25/2023 20:30,4,4,455.55,47.44,21.9,99
8/25/2023 20:29,5,5,456.63,46.72,21.8,99
8/25/2023 20:28,6,6,458.48,45.81,21.8,99
8/25/2023 20:27,6,6,456,46.82,21.8,99
8/25/2023 20:26,4,4,454.98,47.26,21.9,99
8/25/2023 20:24,7,7,454.72,49.68,21.9,98
8/25/2023 20:23,6,6,452.58,46.36,21.9,98
8/25/2023 20:22,4,4,452.77,46.86,21.9,98
8/25/2023 20:21,6,6,452.83,46.46,21.9,98
8/25/2023 20:20,8,9,455.88,44.94,21.9,98
8/25/2023 20:19,5,5,454.95,46.67,21.8,98
8/25/2023 20:18,7,7,452.24,48.42,21.9,98
8/25/2023 20:17,6,6,447.62,50.8,21.9,98
8/25/2023 20:16,6,8,445.53,52.58,21.8,98
8/25/2023 20:15,6,6,447.69,50.62,21.8,98
8/25/2023 20:14,7,7,447.03,49.91,21.8,98
8/25/2023 20:13,6,6,445.41,49.32,21.9,98
8/25/2023 20:11,6,6,439.96,55.03,21.9,98
8/25/2023 20:09,7,7,435.69,57.86,21.8,98
8/25/2023 20:08,7,7,455.26,45.09,21.9,98
8/25/2023 20:06,7,7,456.21,44.15,21.9,98
8/25/2023 20:05,5,5,456.03,43.36,21.9,98
8/25/2023 20:04,8,9,456.06,42.1,21.9,98
8/25/2023 20:03,6,6,454.76,43.66,21.9,98
8/25/2023 20:02,6,6,452.78,47.22,21.9,98
8/25/2023 20:01,5,5,451.83,48.63,21.9,98
8/25/2023 20:00,5,5,453.82,47.16,21.9,98
8/25/2023 19:59,7,7,458.58,50,21.9,98
8/25/2023 19:58,7,7,456.37,53.69,21.9,98
8/25/2023 19:57,6,6,458.89,57.77,21.9,98
8/25/2023 19:56,5,5,460.58,57.92,21.9,97
8/25/2023 19:55,8,9,460.82,53.22,21.9,98
8/25/2023 19:54,7,8,459.49,48.03,21.9,97
8/25/2023 19:53,8,9,456.9,47.21,21.9,97
8/25/2023 19:52,7,7,455.84,45.16,21.9,98
8/25/2023 19:51,6,7,453.64,45.67,22,97
8/25/2023 19:50,7,8,455.82,45.26,21.9,98
8/25/2023 19:49,8,9,458.16,46.13,21.9,98
8/25/2023 19:48,6,6,452.08,46.47,21.9,97
8/25/2023 19:47,7,7,452.67,47.54,21.9,97
8/25/2023 19:46,6,6,458.5,47.37,21.9,97
8/25/2023 19:45,6,6,461.5,49.13,22,97
8/25/2023 19:44,6,6,461.95,49.63,22,97
8/25/2023 19:43,5,5,460.15,49.85,22,97
8/25/2023 19:42,6,6,456.62,47.14,22,97
8/25/2023 19:40,7,7,453.56,48.97,21.9,97
8/25/2023 19:39,7,7,458.11,48.66,22,97
8/25/2023 19:37,6,6,464.06,46.38,22,97
8/25/2023 19:36,5,5,459.68,46.81,22,97
8/25/2023 19:35,6,6,456.4,46.66,22,97
8/25/2023 19:34,6,6,449.54,46.49,22,97
8/25/2023 19:33,7,7,444.5,44.22,22,97
8/25/2023 19:32,6,6,436.25,42.37,22,97
8/25/2023 19:31,6,6,452.45,46.85,22,97
8/25/2023 19:30,6,6,450.38,48.36,22,97
8/25/2023 19:29,8,9,454.38,49.99,22,97
8/25/2023 19:28,6,6,453.15,55.39,22,97
8/25/2023 19:27,5,5,459.05,60.26,22,97
8/25/2023 19:26,7,7,463.61,67.61,22,97
8/25/2023 19:25,6,6,466.33,60.03,22,97
8/25/2023 19:24,6,6,464.41,49.79,22,97
8/25/2023 19:23,7,8,465.03,52.66,22,97
8/25/2023 19:22,9,10,467.42,42.47,22,97
8/25/2023 19:21,10,11,470.48,42.28,22,97
8/25/2023 19:20,8,9,470.05,43.23,22,97
8/25/2023 19:19,9,10,462.07,48.28,22,97
8/25/2023 19:17,9,10,460.42,48.09,22,96
8/25/2023 19:16,8,9,467.77,44.41,22,96
8/25/2023 19:15,9,10,471.58,43.69,22,96
8/25/2023 19:14,8,9,471.33,44.29,22,96
8/25/2023 19:13,9,10,471.31,44.77,22.1,96
8/25/2023 19:12,7,7,469.78,45.33,22.1,96
8/25/2023 19:11,8,9,470.54,46.74,22,96
8/25/2023 19:10,7,7,466.16,46.75,22,96
8/25/2023 19:09,10,11,469.85,45.85,22,96
8/25/2023 19:07,5,5,469.8,45.77,22.1,96
8/25/2023 19:06,7,8,470.82,45.97,22,96
8/25/2023 19:05,6,6,468.95,45.07,22.1,96
8/25/2023 19:04,7,7,468.44,45.52,22,96
8/25/2023 19:03,8,9,468.11,47.72,22.1,96
8/25/2023 19:02,6,6,465.75,48.11,22.1,95
8/25/2023 19:01,6,6,467.23,47.03,22.1,95
8/25/2023 19:00,7,7,472.94,45.89,22,95
8/25/2023 18:59,8,9,478.87,45.78,22.1,95
8/25/2023 18:58,8,9,484.51,46.41,22.1,95
8/25/2023 18:57,9,10,490.05,45.27,22,95
8/25/2023 18:56,9,10,491.68,43.52,22,95
8/25/2023 18:54,10,11,485.36,41.08,22,95
8/25/2023 18:53,8,9,479.91,40.79,22,95
8/25/2023 18:52,7,7,475.71,44.34,22.1,95
8/25/2023 18:50,9,10,472.85,44.44,22,96
8/25/2023 18:49,11,12,470.25,46.28,22,95
8/25/2023 18:48,13,14,470.09,47.72,22,95
8/25/2023 18:47,13,14,467.34,46.72,22,95
8/25/2023 18:46,12,13,464.2,47.4,22,95
8/25/2023 18:45,12,13,466.46,46.3,22,96
8/25/2023 18:44,11,12,477.41,45.47,22,96
8/25/2023 18:43,10,12,475.11,46.71,22,95
8/25/2023 18:42,12,13,476.73,49.11,22,95
8/25/2023 18:41,11,12,480.7,45.81,22,95
8/25/2023 18:40,12,13,481.57,43.28,22,95
8/25/2023 18:39,11,12,479.43,42.56,22.1,95
8/25/2023 18:38,11,12,482.54,43.09,22.1,95
8/25/2023 18:37,10,11,482.26,42.59,22.2,95
8/25/2023 18:36,13,14,479.02,41.67,22.1,95
8/25/2023 18:35,14,15,480.8,43.05,22.1,95
8/25/2023 18:34,10,11,482.02,42.83,22.1,95
8/25/2023 18:33,12,13,480.47,42.22,22.1,94
8/25/2023 18:32,11,12,484.5,41.68,22.2,95
8/25/2023 18:30,11,12,485.53,43.25,22.2,94
8/25/2023 18:29,11,12,490.26,43.86,22.2,94
8/25/2023 18:28,13,15,493.22,44.71,22.2,94
8/25/2023 18:27,10,11,493.04,45.8,22.2,94
8/25/2023 18:26,9,10,494.2,46.05,22.3,94
8/25/2023 18:25,9,10,494.2,48.29,22.3,94
8/25/2023 18:24,11,12,493.83,50.35,22.3,94
8/25/2023 18:23,9,10,495.77,40.8,22.3,94
8/25/2023 18:22,9,10,495.24,41.58,22.3,94
8/25/2023 18:21,9,10,491.31,44.21,22.3,94
8/25/2023 18:20,9,10,493.4,47.21,22.3,94
8/25/2023 18:19,8,9,496.86,46.78,22.4,94
8/25/2023 18:18,8,9,491.19,41.44,22.4,94
8/25/2023 18:17,8,9,494.13,42.39,22.5,94
8/25/2023 18:16,8,9,493.31,41.75,22.5,94
8/25/2023 18:15,9,10,494.63,41.85,22.4,94
8/25/2023 18:14,9,10,497.94,41.67,22.4,94
8/25/2023 18:13,13,14,505.12,41.48,22.5,93
8/25/2023 18:12,10,11,506.78,40.46,22.5,94
8/25/2023 18:11,9,10,507.48,40.36,22.5,93
8/25/2023 18:10,9,10,504.44,40.52,22.5,93
8/25/2023 18:09,11,12,500.58,39.6,22.5,93
8/25/2023 18:08,11,12,500.57,40.75,22.4,93
8/25/2023 18:07,9,10,503.01,42.12,22.5,93
8/25/2023 18:06,8,9,505.38,43.4,22.5,93
8/25/2023 18:05,8,9,508.03,42.25,22.5,93
8/25/2023 18:04,6,6,509.74,42.62,22.6,92
8/25/2023 18:03,7,7,507.03,39.32,22.7,93
8/25/2023 18:02,10,11,507.74,37.51,22.6,92
8/25/2023 18:01,8,9,509.84,37.76,22.7,92
8/25/2023 18:00,8,9,512.86,38.69,22.7,92
8/25/2023 17:59,8,9,510.3,38.79,22.6,92
8/25/2023 17:58,9,10,511.81,39.63,22.7,92
8/25/2023 17:57,9,10,520.94,40.99,22.7,92
8/25/2023 17:56,7,7,523.35,41.44,22.7,92
8/25/2023 17:55,8,9,520.86,42.54,22.7,92
8/25/2023 17:54,8,9,520.56,39.1,22.7,92
8/25/2023 17:53,7,7,520.75,38.91,22.8,92
8/25/2023 17:52,7,7,519.37,41.17,22.9,92
8/25/2023 17:51,7,7,524.65,45.22,22.9,92
8/25/2023 17:50,7,7,526.01,48.99,22.8,91
8/25/2023 17:49,7,8,526.95,52.89,23,91
8/25/2023 17:48,5,5,527.96,55,23,92
8/25/2023 17:46,7,7,528.92,50.34,23,91
8/25/2023 17:45,9,10,529.78,50.57,23,91
8/25/2023 17:44,8,9,530.76,39.36,23,91
8/25/2023 17:43,8,9,536.06,37.76,23,91
8/25/2023 17:41,8,9,534.21,40.5,23.1,90
8/25/2023 17:40,8,9,536,40.12,23.2,89
8/25/2023 17:38,7,7,538.7,40.83,23.3,89
8/25/2023 17:37,6,6,544.17,41.84,23.3,89
8/25/2023 17:35,7,7,539.36,42.02,23.4,89
8/25/2023 17:33,5,5,544.91,40.37,23.5,89
8/25/2023 17:32,5,5,544.41,40.48,23.6,89
8/25/2023 17:31,6,6,540.69,41.85,23.7,88
8/25/2023 17:30,5,5,544.08,43.72,23.7,88
8/25/2023 17:29,8,9,544.84,46.52,23.8,88
8/25/2023 17:28,8,9,542.48,49.17,23.9,88
8/25/2023 17:27,10,11,540.21,42.09,23.9,88
8/25/2023 17:26,8,9,542.47,39.98,24,88
8/25/2023 17:25,6,6,545.03,40.24,24.1,88
8/25/2023 17:24,9,10,542.94,43.19,24.2,87
8/25/2023 17:22,6,7,540.31,41.05,24.3,87
8/25/2023 17:21,8,10,540.59,42.13,24.4,87
8/25/2023 17:20,7,7,544.12,42.27,24.5,87
8/25/2023 17:19,7,7,547.11,41.89,24.9,86
8/25/2023 17:17,6,6,553.82,41.1,25,86
8/25/2023 17:16,7,7,550.19,41.1,25.1,85
8/25/2023 17:15,7,7,548.13,41.26,25.3,85
8/25/2023 17:14,5,5,547.22,41.86,25.4,85
8/25/2023 17:13,5,5,544.44,42.83,25.4,85
8/25/2023 17:12,5,5,542.74,43.67,25.5,85
8/25/2023 17:11,6,6,548.24,46.39,25.6,84
8/25/2023 17:10,6,6,553.02,41.29,25.7,84
8/25/2023 17:09,6,6,552.53,40.08,25.7,84
8/25/2023 17:08,4,4,565.09,40.01,25.9,84
8/25/2023 17:06,6,6,605.12,38.78,26,83
8/25/2023 17:05,5,5,554.86,41.33,26.2,82
8/25/2023 17:04,7,7,559.3,40.42,26.2,81
8/25/2023 17:03,6,6,565.54,36.83,26.1,82
8/25/2023 17:02,6,6,567.19,36.22,26.1,82
8/25/2023 17:01,8,10,561.82,38.76,26.1,83
8/25/2023 17:00,6,6,563.62,39.77,26,83
8/25/2023 16:59,7,7,567.4,41.93,25.9,83
8/25/2023 16:58,7,7,566.33,47.48,25.8,84
8/25/2023 16:57,7,7,563.53,51.21,25.8,84
8/25/2023 16:56,6,6,560.49,44.39,25.7,84
8/25/2023 16:55,7,7,558.27,40.83,25.6,84
8/25/2023 16:54,7,8,555.89,38.41,25.6,84
8/25/2023 16:53,5,5,557.23,40.12,25.7,84
8/25/2023 16:52,5,5,554.42,39.62,25.7,84
8/25/2023 16:51,5,5,558.15,40.44,25.8,83
8/25/2023 16:50,6,6,560.68,40.23,25.8,83
8/25/2023 16:48,6,6,565.6,39.79,25.9,83
8/25/2023 16:47,5,5,567.66,39.89,26,83
8/25/2023 16:46,6,7,569.73,40.38,26.1,82
8/25/2023 16:45,4,4,568.96,40.91,26.2,81
8/25/2023 16:44,6,6,568.6,40.81,26.4,80
8/25/2023 16:43,5,6,568.44,42.94,26.5,79
8/25/2023 16:42,8,9,569.79,47.62,26.5,79
8/25/2023 16:41,5,5,569.64,51.11,26.5,79
8/25/2023 16:40,7,7,569.33,48.41,26.5,79
8/25/2023 16:39,6,6,570.3,39.55,26.5,79
8/25/2023 16:38,8,9,574.96,38.52,26.5,79
8/25/2023 16:37,7,7,573.98,39.38,26.5,80
8/25/2023 16:36,5,5,575.43,40.2,26.4,80
8/25/2023 16:35,6,6,575.76,40.29,26.4,80
8/25/2023 16:34,6,6,575.77,41.4,26.4,80
8/25/2023 16:33,5,5,579.26,43.69,26.5,80
8/25/2023 16:32,5,5,582.11,46.09,26.6,79
8/25/2023 16:31,7,7,583.45,45.01,26.7,79
8/25/2023 16:30,5,5,584.54,45.98,26.7,79
8/25/2023 16:29,5,5,572.4,41.11,27,78
8/25/2023 16:27,6,7,571.31,40.45,27.2,78
8/25/2023 16:26,5,5,572.09,41.36,27.4,78
8/25/2023 16:24,5,5,573.23,40.74,27.6,77
8/25/2023 16:23,5,5,567.86,39.32,27.7,77
8/25/2023 16:22,6,6,560.8,39.26,27.8,77
8/25/2023 16:21,6,7,561.2,39.42,27.9,77
8/25/2023 16:20,5,5,561.14,39.63,27.9,77
8/25/2023 16:19,4,4,554.79,40.03,28,77
8/25/2023 16:18,6,6,561.09,38.37,28.1,77
8/25/2023 16:17,6,6,565.1,38.81,28.1,77
8/25/2023 16:16,5,5,561.75,38.35,28,77
8/25/2023 16:15,6,6,556.09,38,28.1,76
8/25/2023 16:14,5,5,556.98,39.12,28.2,76
8/25/2023 16:13,6,6,559.86,41.02,28.2,77
8/25/2023 16:12,5,5,563.28,41.07,28.1,77
8/25/2023 16:11,7,8,565.39,43.53,28,77
8/25/2023 16:10,7,7,564.99,45.03,28,77
8/25/2023 16:09,8,9,567.18,45.08,27.9,77
8/25/2023 16:08,6,6,566.1,39.56,27.9,77
8/25/2023 16:07,6,6,565.7,39.76,27.9,77
8/25/2023 16:06,7,7,564.07,41.45,28.1,77
8/25/2023 16:05,6,6,564.3,43.6,28.1,77
8/25/2023 16:04,7,7,562.11,43.24,28.1,77
8/25/2023 16:03,7,8,560.45,42.53,28.1,77
8/25/2023 16:01,5,5,557.33,41.22,27.9,77
8/25/2023 16:00,6,6,551.09,38.69,27.9,77
8/25/2023 15:58,6,6,550.92,39.73,27.8,77
8/25/2023 15:57,4,4,552.05,40.54,27.8,77
8/25/2023 15:56,5,5,558.68,37.62,27.8,77
8/25/2023 15:55,5,5,557.95,37.43,27.8,77
8/25/2023 15:54,9,10,559.41,31.51,27.8,77
8/25/2023 15:53,7,7,556.62,43.17,27.7,77
8/25/2023 15:51,6,6,558.69,42.84,27.7,77
8/25/2023 15:50,6,7,557.21,43.71,27.7,77
8/25/2023 15:49,7,7,556.44,41.12,27.7,77
8/25/2023 15:48,6,6,554.78,41.64,27.6,77
8/25/2023 15:47,8,9,553.43,41.88,27.7,77
8/25/2023 15:46,7,7,553.55,41.34,27.6,78
8/25/2023 15:45,8,9,556.28,42.6,27.7,77
8/25/2023 15:44,9,10,561.24,43.32,27.7,77
8/25/2023 15:43,8,9,564.45,43.7,27.8,77
8/25/2023 15:42,7,7,564.23,43.68,27.9,77
8/25/2023 15:41,5,5,567.34,43.94,28,77
8/25/2023 15:40,5,5,567.83,43.97,28.1,77
8/25/2023 15:39,7,7,564.41,42.64,28.2,77
8/25/2023 15:38,6,6,559.4,42.91,28.2,76
8/25/2023 15:37,7,7,557.37,42.5,28.3,77
8/25/2023 15:36,7,7,550.94,42.52,28.2,77
8/25/2023 15:35,8,9,550.92,42.45,28.2,77
8/25/2023 15:34,8,9,550.84,41.82,28.2,77
8/25/2023 15:33,7,7,552.14,41.7,28.3,76
8/25/2023 15:32,6,6,551.66,42.22,28.2,76
8/25/2023 15:31,8,9,546.7,41.78,28.2,76
8/25/2023 15:30,7,8,549.63,42.1,28.4,76
8/25/2023 15:29,5,5,550.58,42.3,28.5,76
8/25/2023 15:28,7,7,548.93,42.92,28.7,76
8/25/2023 15:27,6,6,548.5,41.96,28.9,76
8/25/2023 15:26,7,8,549.24,40.86,29,76
8/25/2023 15:25,6,6,548.85,43.01,29,76
8/25/2023 15:24,8,9,548.09,47.96,29,76
8/25/2023 15:23,9,10,544.84,49.71,29.1,75
8/25/2023 15:22,7,7,547.1,41.44,29.2,75
8/25/2023 15:21,7,7,549.52,38.83,29.2,75
8/25/2023 15:20,7,7,549.58,39.81,29.2,75
8/25/2023 15:19,9,10,553.41,40.95,29.3,75
8/25/2023 15:18,7,7,559.85,39.62,29.2,75
8/25/2023 15:17,7,7,566.96,40.9,29.3,75
8/25/2023 15:15,7,7,543.11,41.6,29.2,75
8/25/2023 15:13,6,6,545.41,37.79,29.4,75
8/25/2023 15:11,8,9,544.6,37.94,29.4,75
8/25/2023 15:10,7,7,541.82,41,29.4,75
8/25/2023 15:09,7,7,540.6,41.49,29.3,75
8/25/2023 15:07,8,10,543.84,38.56,29,76
8/25/2023 15:06,8,9,542.81,38.97,28.8,77
8/25/2023 15:05,7,7,545.35,38.23,28.4,77
8/25/2023 15:04,7,7,547.58,38.73,28.1,78
8/25/2023 15:03,8,9,551.18,39.8,27.6,78
8/25/2023 15:02,6,6,550.86,40.5,27.2,79
8/25/2023 15:01,8,9,548.14,40.68,27,80
8/25/2023 15:00,6,6,549.56,39.47,26.6,81
8/25/2023 14:59,8,9,549.3,39.4,26.2,82
8/25/2023 14:58,7,7,554.66,39.45,25.9,84
8/25/2023 14:57,5,5,551.2,39.79,25.8,84
8/25/2023 14:56,6,6,546.94,40.45,25.8,84
8/25/2023 14:55,7,7,552.17,42.69,25.7,84
8/25/2023 14:53,7,7,545.01,44.28,25.7,84
8/25/2023 14:51,5,5,542.59,42.1,25.8,84
8/25/2023 14:49,5,5,543.83,41.89,25.8,84
8/25/2023 14:48,7,7,545.63,40.32,25.9,83
8/25/2023 14:47,5,5,543.18,40.08,26,83
8/25/2023 14:46,4,4,554.13,40.49,26.1,82
8/25/2023 14:45,6,6,551.13,40.89,26.1,82
8/25/2023 14:44,5,5,551.7,41.11,26.1,81
8/25/2023 14:43,7,8,545.29,40.89,26.2,81
8/25/2023 14:42,6,6,542.38,38.87,26.2,81
8/25/2023 14:41,6,6,546.64,33.95,26.3,80
8/25/2023 14:40,8,9,541.44,29.79,26.4,81
8/25/2023 14:39,7,7,546.14,42.75,26.4,80
8/25/2023 14:38,6,6,538.57,44.18,26.4,80
8/25/2023 14:37,8,9,549.46,41.21,26.5,80
8/25/2023 14:36,6,6,553.19,41.64,26.5,80
8/25/2023 14:35,6,6,557.62,41.97,26.6,79
8/25/2023 14:34,8,9,559.44,42.15,26.7,79
8/25/2023 14:33,6,6,555.28,42.69,26.8,79
8/25/2023 14:32,6,6,553.74,40.07,26.8,79
8/25/2023 14:31,6,6,557.81,40.03,26.9,79
8/25/2023 14:30,6,6,557.95,40.48,27,78
8/25/2023 14:29,7,7,553.93,39.09,27.1,78
8/25/2023 14:28,5,5,555.8,39.08,27.2,78
8/25/2023 14:27,6,7,553.26,40.64,27.4,78
8/25/2023 14:26,6,6,556.91,38.7,27.5,77
8/25/2023 14:25,6,6,554.42,39.47,27.7,77
8/25/2023 14:24,5,5,553.58,40.8,27.9,77
8/25/2023 14:23,6,6,550.8,41.51,28.1,77
8/25/2023 14:22,8,9,545.04,41.09,28.3,77
8/25/2023 14:21,5,5,538.44,42.79,28.4,76
8/25/2023 14:20,5,5,539.82,42.58,28.6,76
8/25/2023 14:19,7,7,553.07,40.92,28.8,76
8/25/2023 14:18,7,7,557.27,40.51,28.9,76
8/25/2023 14:17,9,10,556.59,40.82,28.7,76
8/25/2023 14:16,6,6,556.46,40.6,28.8,76
8/25/2023 14:15,5,5,561.44,39.31,29,75
8/25/2023 14:14,5,5,555.79,38.85,29.4,74
8/25/2023 14:13,7,7,554.67,40.39,29.6,74
8/25/2023 14:12,6,6,557.71,40.56,29.5,75
8/25/2023 14:11,6,6,557.67,40.86,29.2,75
8/25/2023 14:10,6,6,555.51,39.75,28.9,76
8/25/2023 14:09,5,5,560.17,39.33,28.5,77
8/25/2023 14:08,8,9,561.02,39.53,28.4,77
8/25/2023 14:07,6,6,559.19,39.22,28.1,77
8/25/2023 14:06,6,6,549.16,39.36,27.9,78
8/25/2023 14:05,6,6,545.55,38.34,27.5,78
8/25/2023 14:04,6,6,535.09,39.45,27.2,78
8/25/2023 14:03,7,7,562.6,41.64,27,79
8/25/2023 14:02,6,6,562.41,42.68,27,79
8/25/2023 14:01,8,9,564.1,42.74,27.1,78
8/25/2023 14:00,5,5,567.52,42.71,27.1,79
8/25/2023 13:59,6,6,569.03,42.33,26.9,79
8/25/2023 13:58,6,6,570.28,42.61,27,79
8/25/2023 13:56,5,5,570.09,41.96,27,79
8/25/2023 13:55,6,6,574.55,41.77,26.9,79
8/25/2023 13:54,7,7,576.9,41.91,27,79
8/25/2023 13:53,6,6,571.11,41.21,27,79
8/25/2023 13:52,7,8,566.01,41.81,27.1,79
8/25/2023 13:51,8,9,562.87,43.05,27,79
8/25/2023 13:50,7,7,566,43.39,27,79
8/25/2023 13:49,7,9,566.27,42.28,27,79
8/25/2023 13:48,5,5,565.57,40.64,27.1,78
8/25/2023 13:46,6,6,564.74,41.38,27.2,78
8/25/2023 13:44,9,10,564.81,41.43,27.4,78
8/25/2023 13:43,6,6,568.02,40.87,27.4,78
8/25/2023 13:42,7,8,570.47,39.77,27.5,78
8/25/2023 13:40,7,7,568.07,40.09,27.5,78
8/25/2023 13:39,6,6,563.06,41.63,27.4,78
8/25/2023 13:38,6,6,561.71,41.88,27.1,78
8/25/2023 13:37,6,7,566.32,40.94,27,79
8/25/2023 13:36,8,9,565.36,41.71,26.8,79
8/25/2023 13:35,7,7,574.1,40.4,26.8,79
8/25/2023 13:34,5,5,578.34,39.81,27,78
8/25/2023 13:33,7,8,581.64,40.11,27.2,78
8/25/2023 13:32,7,7,568.86,39.12,27.4,78
8/25/2023 13:30,6,6,559.85,39.17,27.5,78
8/25/2023 13:29,9,10,548.09,39.82,27.6,78
8/25/2023 13:28,6,6,535.8,39.36,27.7,77
8/25/2023 13:27,6,6,522.55,38.97,28,77
8/25/2023 13:26,10,11,571.95,41.39,28.2,77
8/25/2023 13:25,8,9,571.36,41.4,28.3,76
8/25/2023 13:24,9,10,571.52,40.28,28.2,77
8/25/2023 13:23,10,12,572.22,40.25,28.2,77
8/25/2023 13:22,6,6,571.33,40.78,28.1,76
8/25/2023 13:21,6,6,573.58,40.21,28.3,76
8/25/2023 13:20,8,9,576.18,39.4,28.5,76
8/25/2023 13:19,5,5,580.93,38.82,28.7,75
8/25/2023 13:18,8,9,576.06,39.31,28.5,76
8/25/2023 13:17,9,10,568.03,39.63,28.3,77
8/25/2023 13:16,10,11,568.49,39.9,27.8,77
8/25/2023 13:15,7,7,567.5,40.88,27.7,77
8/25/2023 13:14,7,7,571.67,41.55,27.6,78
8/25/2023 13:13,7,7,575.71,41.3,27.3,78
8/25/2023 13:12,7,7,575.12,41.47,27.4,78
8/25/2023 13:11,9,10,573.48,42.36,27.5,78
8/25/2023 13:10,8,9,571.25,42.14,27.5,78
8/25/2023 13:09,8,9,572.69,40.46,27.5,78
8/25/2023 13:08,8,9,569.99,39.15,27.6,78
8/25/2023 13:07,9,10,574.53,38.92,27.6,78
8/25/2023 13:06,9,10,575.76,39.47,27.7,78
8/25/2023 13:05,8,9,575.34,39.31,27.7,78
8/25/2023 13:04,8,9,571.89,40.05,27.7,78
8/25/2023 13:03,10,11,567.25,40.98,27.7,77
8/25/2023 13:02,9,10,560.11,42.51,27.8,78
8/25/2023 13:01,9,10,559.23,44.25,27.8,78
8/25/2023 13:00,9,10,567.56,43.38,27.7,78
8/25/2023 12:59,9,10,570.55,43.69,27.8,77
8/25/2023 12:58,8,9,574.68,43.21,27.9,77
8/25/2023 12:57,8,9,573.38,42.41,28,77
8/25/2023 12:56,9,10,571.85,41.76,28,77
8/25/2023 12:55,10,11,572.3,41.42,28,77
8/25/2023 12:54,8,9,572.99,40.44,28,77
8/25/2023 12:53,9,10,575.52,40.09,28.1,77
8/25/2023 12:52,8,9,578.34,41.15,28.2,76
8/25/2023 12:51,11,12,583.15,41.93,28.2,77
8/25/2023 12:50,8,9,576.94,40.56,28.5,76
8/25/2023 12:49,12,13,578.42,41.37,28.7,76
8/25/2023 12:48,11,12,575.96,42.47,29,75
8/25/2023 12:47,11,12,576.26,42.83,29.2,74
8/25/2023 12:46,14,15,574.26,42.45,29.5,74
8/25/2023 12:45,9,10,573.82,42.31,29.8,74
8/25/2023 12:44,10,11,572.06,42.15,30.1,73
8/25/2023 12:43,9,10,572.86,41.95,30.4,72
8/25/2023 12:42,9,10,571.67,41.17,30.7,72
8/25/2023 12:41,11,12,571.29,40.54,30.7,73
8/25/2023 12:40,11,12,573.16,42.47,30.7,72
8/25/2023 12:39,10,11,568.72,46.35,30.5,72
8/25/2023 12:38,9,10,568.67,51.25,0,0
8/25/2023 12:37,11,12,566.27,57.08,0,0
8/25/2023 12:36,11,12,561.3,51.35,0,0
8/25/2023 12:35,11,12,561.85,42.62,0,0
8/25/2023 12:34,10,11,558.1,43.73,0,0
8/25/2023 12:32,10,11,557.52,44.54,0,0
8/25/2023 12:31,11,12,559.12,43.21,0,0
8/25/2023 12:29,9,10,555.89,42.35,0,0
8/25/2023 12:28,7,7,555.76,41.98,0,0
8/25/2023 12:27,10,11,556,40.57,0,0
8/25/2023 12:25,11,12,553.12,40.57,0,0
8/25/2023 12:23,12,13,554.32,42.59,0,0
8/25/2023 12:21,12,13,551.67,43.88,0,0
8/25/2023 12:20,11,12,550.75,43.06,0,0
8/25/2023 12:19,12,13,548.71,42.84,0,0
8/25/2023 12:18,11,12,550.37,43.3,0,0
8/25/2023 12:17,12,13,551.32,44.71,0,0
8/25/2023 12:16,11,12,550.93,45.83,0,0
8/25/2023 12:15,11,12,556.04,45.52,0,0
8/25/2023 12:14,11,12,546,42.44,0,0
8/25/2023 12:13,11,12,542.67,43.28,0,0
8/25/2023 12:12,9,10,542.86,43.71,0,0
8/25/2023 12:11,12,13,544.38,43.67,0,0
8/25/2023 12:10,11,12,541.79,43.84,0,0
8/25/2023 12:09,9,10,542.51,43.45,0,0
8/25/2023 12:08,9,10,540.74,42.26,0,0
8/25/2023 12:07,9,10,540.05,41.94,0,0
8/25/2023 12:06,9,10,536.34,42.23,0,0
8/25/2023 12:05,12,13,539.57,42.01,0,0
8/25/2023 12:04,10,11,537.42,41.74,0,0
8/25/2023 12:03,11,12,533.71,41.45,0,0
8/25/2023 12:02,10,11,528.16,43.03,0,0
8/25/2023 12:01,10,11,527.53,42.88,0,0
8/25/2023 12:00,11,12,525.48,43.39,0,0
8/25/2023 11:59,13,14,528.88,41.83,0,0
8/25/2023 11:58,10,11,528.87,41.01,0,0
8/25/2023 11:57,11,12,534.22,40.98,0,0
8/25/2023 11:56,12,13,535.11,41.65,0,0
8/25/2023 11:55,13,14,536.15,41.85,0,0
8/25/2023 11:54,13,14,537.46,42.86,0,0
8/25/2023 11:53,13,14,537.19,42.45,0,0
8/25/2023 11:52,12,13,537.97,42.62,0,0
8/25/2023 11:51,14,15,538.32,43.37,0,0
8/25/2023 11:50,14,15,537.17,43.08,0,0
8/25/2023 11:49,16,18,532.69,42.72,0,0
8/25/2023 11:47,14,15,528.48,43.21,0,0
8/25/2023 11:46,14,15,526.25,43.77,0,0
8/25/2023 11:45,14,16,525.82,44.24,0,0
8/25/2023 11:44,15,17,526.56,43.52,0,0
8/25/2023 11:43,17,19,526.33,41.18,0,0
8/25/2023 11:42,15,17,525.55,41.4,0,0
8/25/2023 11:41,14,16,531.29,40.55,0,0
8/25/2023 11:40,15,17,531.42,40.28,0,0
8/25/2023 11:39,18,20,536.53,38.54,0,0
8/25/2023 11:38,1,0,497.61,0,0,0
8/25/2023 11:35,4,0,542.68,0,0,0
8/25/2023 11:33,14,15,484.18,44.13,0,0
8/25/2023 11:13,11,12,504.58,40.97,0,0
8/25/2023 11:12,13,14,503.08,40.55,0,0
8/25/2023 11:11,13,14,505.73,39.52,0,0
8/25/2023 11:09,10,11,506.88,39.65,0,0
8/25/2023 11:08,12,13,502.45,39.57,0,0
8/25/2023 11:07,13,14,499.79,41.18,0,0
8/25/2023 11:06,14,15,496.58,40.16,0,0
8/25/2023 11:05,15,17,500.06,41.66,0,0
8/25/2023 11:04,14,15,503.8,44.02,0,0
8/25/2023 11:03,16,18,496.79,47.43,0,0
8/25/2023 11:02,16,18,494.65,51.17,0,0
8/25/2023 11:01,15,17,497.78,294.41,0,0
8/25/2023 11:00,14,15,495.3,375.94,0,0
8/25/2023 10:59,17,19,495.59,375.41,0,0
8/25/2023 10:34,15,17,492.64,43.38,0,0
8/25/2023 10:32,13,14,494.53,43.39,0,0
8/25/2023 10:31,16,18,491.43,42.64,0,0
8/25/2023 10:30,16,18,492.85,43.89,0,0
8/25/2023 10:29,14,15,491.68,44.47,0,0
8/25/2023 10:28,15,17,497.56,45.85,0,0
8/25/2023 10:27,14,15,508.03,48.26,0,0
8/25/2023 10:26,15,17,522.71,49.08,0,0
8/25/2023 10:25,16,18,482.55,44.22,0,0
8/25/2023 10:24,16,18,482.96,45.09,0,0
8/25/2023 10:22,15,17,483.95,44.83,0,0
8/25/2023 10:21,16,18,482.95,43.91,0,0
8/25/2023 10:20,17,19,480.13,43.64,0,0
8/25/2023 10:19,18,21,480.25,44.18,0,0
8/25/2023 10:18,21,23,481.29,44.2,0,0
8/25/2023 10:17,22,24,478.94,44.21,0,0
8/25/2023 10:16,20,22,475.6,44.67,0,0
8/25/2023 10:15,18,20,474.49,45.6,0,0
8/25/2023 10:14,19,21,471.05,44.99,0,0
8/25/2023 10:13,17,19,475.27,44.17,0,0
8/25/2023 10:12,22,25,474,43.76,0,0
8/25/2023 10:11,20,22,471.19,45.16,0,0
8/25/2023 10:10,22,24,470.92,44.91,0,0
8/25/2023 10:09,20,22,468.79,44.6,0,0
8/25/2023 10:08,23,26,468.25,44.4,0,0
8/25/2023 10:07,20,22,466.37,44.35,0,0
8/25/2023 10:06,15,17,466.52,44.69,0,0
8/25/2023 10:05,15,17,462.73,45.42,0,0
8/25/2023 10:04,15,17,469.61,45.85,0,0
8/25/2023 10:03,15,17,469.53,44.88,0,0
8/25/2023 10:02,16,18,473.01,44.18,0,0
8/25/2023 10:01,16,18,476.26,45.03,0,0
8/25/2023 10:00,15,17,477.31,45.19,0,0
8/25/2023 9:59,15,17,472.04,45.3,0,0
8/25/2023 9:58,14,15,466.65,46.32,0,0
8/25/2023 9:57,15,17,470.58,46.63,0,0
8/25/2023 9:56,16,18,471.62,45.67,0,0
8/25/2023 9:55,15,17,465.09,45.86,0,0
8/25/2023 9:54,16,18,462.42,45.87,0,0
8/25/2023 9:53,14,15,463.26,46.26,0,0
8/25/2023 9:52,14,15,465.26,46.3,0,0
8/25/2023 9:51,15,17,469.76,47.13,0,0
8/25/2023 9:50,16,18,473.01,49.5,0,0
8/25/2023 9:48,16,18,465.12,46.33,0,0
8/25/2023 9:47,15,17,464.1,46.27,0,0
8/25/2023 9:46,16,18,465.45,45.95,0,0
8/25/2023 9:45,16,18,468.68,44.41,0,0
8/25/2023 9:44,14,15,465.89,44.44,0,0
8/25/2023 9:43,14,15,460.18,45.05,0,0
8/25/2023 9:42,13,14,462.12,44.79,0,0
8/25/2023 9:41,15,17,465.21,44.66,0,0
8/25/2023 9:40,17,19,464.64,44.67,0,0
8/25/2023 9:39,14,15,461.35,45.35,0,0
8/25/2023 9:38,15,17,462.94,44.85,0,0
8/25/2023 9:37,14,15,465.77,44.66,0,0
8/25/2023 9:36,17,19,468.02,44.87,0,0
8/25/2023 9:35,17,19,465.8,45.58,0,0
8/25/2023 9:34,16,18,465.71,45.06,0,0
8/25/2023 9:33,16,18,465.02,46.04,0,0
8/25/2023 9:32,17,19,464.93,46.61,0,0
8/25/2023 9:31,17,19,465.31,47.29,0,0
8/25/2023 9:30,17,19,457.32,47.13,0,0
8/25/2023 9:29,19,21,453.45,46.22,0,0
8/25/2023 9:28,18,20,454.21,46.06,0,0
8/25/2023 9:27,21,23,461.07,47.06,0,0
8/25/2023 9:26,26,29,461.68,46.46,0,0
8/25/2023 9:25,23,26,458.34,46.42,0,0
8/25/2023 9:24,26,29,451.31,45.99,0,0
8/25/2023 9:23,31,36,454.44,45.85,0,0
8/25/2023 9:22,37,42,459.71,45.16,0,0
8/25/2023 9:21,41,48,459.85,45.03,0,0
8/25/2023 9:20,31,36,462.87,44.76,0,0
8/25/2023 9:19,28,31,458.41,44.91,0,0
8/25/2023 9:18,24,27,454.32,45.69,0,0
8/25/2023 9:17,35,40,455.93,46.45,0,0
8/25/2023 9:16,32,36,457.71,46.54,0,0
8/25/2023 9:15,30,34,460.81,45.56,0,0
8/25/2023 9:13,34,38,461.36,45.51,0,0
8/25/2023 9:12,31,35,453.03,46.54,0,0
8/25/2023 9:11,27,30,454.24,46.3,0,0
8/25/2023 9:10,33,37,456.28,46.48,0,0
8/25/2023 9:09,27,30,457.61,46.53,0,0
8/25/2023 9:08,28,31,455.63,46.9,0,0
8/25/2023 9:07,29,32,450.49,46.59,0,0
8/25/2023 9:06,28,32,446.7,47.07,0,0
8/25/2023 9:05,30,34,450.25,46.47,0,0
8/25/2023 9:04,27,30,449.91,47,0,0
8/25/2023 9:03,25,28,448.7,46.69,0,0
8/25/2023 9:02,22,24,445.9,48.46,0,0
8/25/2023 9:01,22,24,447.35,48.98,0,0
8/25/2023 9:00,24,27,451.9,46.79,0,0
8/25/2023 8:59,24,27,450.51,45.58,0,0
8/25/2023 8:58,22,24,451.52,45.9,0,0
8/25/2023 8:57,23,26,451.07,46.69,0,0
8/25/2023 8:56,23,26,449.74,46.21,0,0
8/25/2023 8:55,23,26,448.2,46.05,0,0
8/25/2023 8:54,24,27,451.39,46.37,0,0
8/25/2023 8:53,20,22,449.56,46.58,0,0
8/25/2023 8:52,25,28,451.4,46.29,0,0
8/25/2023 8:51,21,23,450.37,46.09,0,0
8/25/2023 8:50,24,27,449.59,45.55,0,0
8/25/2023 8:49,24,27,448.78,45.07,0,0
8/25/2023 8:48,22,24,446.49,45.11,0,0
8/25/2023 8:47,23,26,445.74,44.69,0,0
8/25/2023 8:46,23,26,448.27,45.82,0,0
8/25/2023 8:45,22,24,449.71,46.11,0,0
8/25/2023 8:44,25,28,455.04,46.58,0,0
8/25/2023 8:43,26,29,454.28,46.35,0,0
8/25/2023 8:42,26,29,450.34,46.03,0,0
8/25/2023 8:41,21,24,444.68,45.6,0,0
8/25/2023 8:40,20,22,442.04,45.72,0,0
8/25/2023 8:39,23,26,436.15,46.94,0,0
8/25/2023 8:38,22,24,432.6,47.98,0,0
8/25/2023 8:37,21,23,428.67,48.93,0,0
8/25/2023 8:35,22,25,446.9,46.62,0,0
8/25/2023 8:34,24,27,445.08,46.74,0,0
8/25/2023 8:33,22,24,442.96,46.41,0,0
8/25/2023 8:32,23,26,439.52,47.12,0,0
8/25/2023 8:31,24,27,443.17,47.4,0,0
8/25/2023 8:30,26,29,444.92,46.91,0,0
8/25/2023 8:29,23,26,444.44,47.17,0,0
8/25/2023 8:27,25,28,445.45,47.03,0,0
8/25/2023 8:26,26,29,445.48,47.45,0,0
8/25/2023 8:24,29,32,445.56,46.76,0,0
8/25/2023 8:23,34,38,441.22,46.94,0,0
8/25/2023 8:21,38,43,442.59,48.05,0,0
8/25/2023 8:20,37,41,441.28,46.84,0,0
8/25/2023 8:19,38,43,441.81,46.31,0,0
8/25/2023 8:18,41,47,440.57,47.08,0,0
8/25/2023 8:17,39,44,443.23,48.28,0,0
8/25/2023 8:16,37,41,441.68,48.48,0,0
8/25/2023 8:15,34,38,444.2,47.62,0,0
8/25/2023 8:14,33,37,444.46,47.08,0,0
8/25/2023 8:13,27,30,442.31,46.27,0,0
8/25/2023 8:12,28,31,442.93,44.72,0,0
8/25/2023 8:11,29,32,443.53,45.33,0,0
8/25/2023 8:10,22,24,439.31,46.9,0,0
8/25/2023 8:08,25,28,436.08,47.26,0,0
8/25/2023 8:07,25,28,435.66,47.35,0,0
8/25/2023 8:06,27,30,434.93,47.99,0,0
8/25/2023 8:05,27,30,435.98,48.26,0,0
8/25/2023 8:04,27,30,437.4,48.77,0,0
8/25/2023 8:02,26,30,441.3,51,0,0
8/25/2023 8:01,25,28,437.22,54.65,0,0
8/25/2023 8:00,27,30,442.87,47.34,0,0
8/25/2023 7:59,25,28,440.64,48.22,0,0
8/25/2023 7:58,25,28,444.74,48.28,0,0
8/25/2023 7:57,27,30,444.93,48.31,0,0
8/25/2023 7:55,27,31,444.5,47.68,0,0
8/25/2023 7:54,32,37,436.57,48.12,0,0
8/25/2023 7:52,32,36,438.83,47.24,0,0
8/25/2023 7:51,34,38,435.75,47.06,0,0
8/25/2023 7:50,32,36,433.46,47.09,0,0
8/25/2023 7:49,36,40,429.87,46.57,0,0
8/25/2023 7:48,29,33,433.44,47.51,0,0
8/25/2023 7:46,37,41,433.47,47.46,0,0
8/25/2023 7:45,34,38,434.76,47.14,0,0
8/25/2023 7:44,31,35,437.54,46.9,0,0
8/25/2023 7:43,38,43,438.04,46.39,0,0
8/25/2023 7:42,34,38,435.12,46.06,0,0
8/25/2023 7:41,34,38,437.81,46.79,0,0
8/25/2023 7:40,34,38,438.68,46.7,0,0
8/25/2023 7:39,32,36,438.06,47.56,0,0
8/25/2023 7:38,36,40,440.66,47.56,0,0
8/25/2023 7:37,38,43,440.65,46.78,0,0
8/25/2023 7:36,37,41,436.85,47.74,0,0
8/25/2023 7:35,39,44,442.34,47.99,0,0
8/25/2023 7:33,41,46,439.57,48.81,0,0
8/25/2023 7:32,36,40,436.67,48.25,0,0
8/25/2023 7:31,37,41,434.52,48,0,0
8/25/2023 7:30,42,48,435.91,47.05,0,0
8/25/2023 7:29,37,41,438.05,47.27,0,0
8/25/2023 7:28,36,41,431.35,48.52,0,0
8/25/2023 7:27,40,45,424.97,48.48,0,0
8/25/2023 7:26,38,43,416.57,48.28,0,0
8/25/2023 7:25,37,41,403.88,47.41,0,0
8/25/2023 7:24,39,44,381.23,47.15,0,0
8/25/2023 7:23,39,44,433.14,48.1,0,0
8/25/2023 7:22,36,41,431.55,47.22,0,0
8/25/2023 7:21,39,44,435.64,47.18,0,0
8/25/2023 7:20,36,40,435.77,47.43,0,0
8/25/2023 7:19,35,39,436.58,47.41,0,0
8/25/2023 7:18,36,40,438.78,46.92,0,0
8/25/2023 7:17,34,39,438.14,46.94,0,0
8/25/2023 7:16,40,45,433.34,47.57,0,0
8/25/2023 7:15,38,43,430.82,47.75,0,0
8/25/2023 7:14,37,41,428.3,48.22,0,0
8/25/2023 7:13,37,42,429.45,47.16,0,0
8/25/2023 7:12,39,44,430.58,46.05,0,0
8/25/2023 7:11,36,41,432.69,46.89,0,0
8/25/2023 7:10,40,45,434.05,47.85,0,0
8/25/2023 7:09,39,44,434.93,48.53,0,0
8/25/2023 7:08,39,44,429.53,48.52,0,0
8/25/2023 7:07,38,43,430.92,47.14,0,0
8/25/2023 7:06,43,48,430.56,46.48,0,0
8/25/2023 7:05,37,41,433.71,47.48,0,0
8/25/2023 7:04,43,48,435.02,47.82,0,0
8/25/2023 7:03,44,49,433.53,48.15,0,0
8/25/2023 7:02,43,49,434.52,48,0,0
8/25/2023 7:01,44,49,433.48,46.81,0,0
8/25/2023 7:00,44,49,432.47,47.03,0,0
8/25/2023 6:59,42,49,436.79,46.89,0,0
8/25/2023 6:58,43,48,435.86,46.43,0,0
8/25/2023 6:57,41,46,432.24,45.56,0,0
8/25/2023 6:56,42,47,431.93,45.12,0,0
8/25/2023 6:55,39,44,426.97,45.41,0,0
8/25/2023 6:54,40,46,428.87,45.83,0,0
8/25/2023 6:53,41,46,423.73,46.34,0,0
8/25/2023 6:52,37,41,423.44,46.97,0,0
8/25/2023 6:51,39,44,426.36,46.69,0,0
8/25/2023 6:50,40,45,433.45,46.4,0,0
8/25/2023 6:49,38,43,435.17,48.42,0,0
8/25/2023 6:48,34,38,437.35,49.7,0,0
8/25/2023 6:47,33,37,436.16,45.67,0,0
8/25/2023 6:46,35,39,434.26,46.43,0,0
8/25/2023 6:45,33,37,431.42,46.51,0,0
8/25/2023 6:44,32,36,429.99,47.7,0,0
8/25/2023 6:43,33,37,424.85,48.22,0,0
8/25/2023 6:42,33,37,428.72,48.24,0,0
8/25/2023 6:41,31,35,430.55,48,0,0
8/25/2023 6:40,32,36,427.33,47.03,0,0
8/25/2023 6:39,31,35,426.33,47.82,0,0
8/25/2023 6:38,30,34,425.72,48.44,0,0
8/25/2023 6:37,27,30,433.09,47.15,0,0
8/25/2023 6:36,32,36,434.16,46.19,0,0
8/25/2023 6:35,32,36,431.39,45.7,0,0
8/25/2023 6:34,31,35,431.59,45.61,0,0
8/25/2023 6:32,32,36,433.32,46.72,0,0
8/25/2023 6:30,34,38,434.83,46.77,0,0
8/25/2023 6:29,33,37,431.3,47.84,0,0
8/25/2023 6:28,32,36,422.82,47.56,0,0
8/25/2023 6:26,30,34,434.3,48.15,0,0
8/25/2023 6:25,28,31,436.32,47.72,0,0
8/25/2023 6:23,28,31,437.47,47.03,0,0
8/25/2023 6:22,32,37,435.98,46.78,0,0
8/25/2023 6:20,25,28,428.85,46.17,0,0
8/25/2023 6:19,28,31,426.67,45.33,0,0
8/25/2023 6:18,29,32,427.4,45.3,0,0
8/25/2023 6:16,28,31,428.25,46.79,0,0
8/25/2023 6:15,28,31,442.39,46.15,0,0
8/25/2023 6:13,30,34,453.84,46.05,0,0
8/25/2023 6:12,32,36,460.95,45.74,0,0
8/25/2023 6:11,32,36,481.64,45.97,0,0
8/25/2023 6:10,31,35,438.5,46.22,0,0
8/25/2023 6:09,30,34,435.66,46.71,0,0
8/25/2023 6:08,29,32,435.1,46.26,0,0
8/25/2023 6:07,31,35,435.85,46.95,0,0
8/25/2023 6:06,30,34,437.61,48.05,0,0
8/25/2023 6:05,26,29,436.49,48.2,0,0
8/25/2023 6:04,29,32,434.49,47.8,0,0
8/25/2023 6:03,26,29,431.14,47.64,0,0
8/25/2023 6:02,26,29,432.73,45.71,0,0
8/25/2023 6:01,28,31,430.25,46.58,0,0
