DataDate,PM2.5,PM2_5,Temp,Hum
2023-08-25 06:01:00,18.07556,28.0,0.0,0.0
2023-08-25 06:02:00,18.32117,26.0,0.0,0.0
2023-08-25 06:03:00,18.42729,26.0,0.0,0.0
2023-08-25 06:04:00,18.44625,29.0,0.0,0.0
2023-08-25 06:05:00,18.59127,26.0,0.0,0.0
2023-08-25 06:06:00,18.71358,30.0,0.0,0.0
2023-08-25 06:07:00,18.78555,31.0,0.0,0.0
2023-08-25 06:08:00,19.03053,29.0,0.0,0.0
2023-08-25 06:09:00,19.15164,30.0,0.0,0.0
2023-08-25 06:10:00,19.30203,31.0,0.0,0.0
2023-08-25 06:11:00,19.44609,32.0,0.0,0.0
2023-08-25 06:12:00,19.63165,32.0,0.0,0.0
2023-08-25 06:13:00,19.87093,30.0,0.0,0.0
2023-08-25 06:15:00,20.03341,28.0,0.0,0.0
2023-08-25 06:16:00,20.07497,28.0,0.0,0.0
2023-08-25 06:18:00,20.29421,29.0,0.0,0.0
2023-08-25 06:19:00,20.23613,28.0,0.0,0.0
2023-08-25 06:20:00,20.23544,25.0,0.0,0.0
2023-08-25 06:22:00,20.22711,32.0,0.0,0.0
2023-08-25 06:23:00,20.12013,28.0,0.0,0.0
2023-08-25 06:25:00,20.02057,28.0,0.0,0.0
2023-08-25 06:26:00,20.04407,30.0,0.0,0.0
2023-08-25 06:28:00,20.00492,32.0,0.0,0.0
2023-08-25 06:29:00,20.08226,33.0,0.0,0.0
2023-08-25 06:30:00,20.11659,34.0,0.0,0.0
2023-08-25 06:32:00,19.94239,32.0,0.0,0.0
2023-08-25 06:34:00,20.03944,31.0,0.0,0.0
2023-08-25 06:35:00,20.0433,32.0,0.0,0.0
2023-08-25 06:36:00,19.92026,32.0,0.0,0.0
2023-08-25 06:37:00,20.0516,27.0,0.0,0.0
2023-08-25 06:38:00,19.93276,30.0,0.0,0.0
2023-08-25 06:39:00,19.86912,31.0,0.0,0.0
2023-08-25 06:40:00,19.72298,32.0,0.0,0.0
2023-08-25 06:41:00,19.68384,31.0,0.0,0.0
2023-08-25 06:42:00,19.69241,33.0,0.0,0.0
2023-08-25 06:43:00,19.74839,33.0,0.0,0.0
2023-08-25 06:44:00,19.74969,32.0,0.0,0.0
2023-08-25 06:45:00,19.8134,33.0,0.0,0.0
2023-08-25 06:46:00,19.84293,35.0,0.0,0.0
2023-08-25 06:47:00,19.92209,33.0,0.0,0.0
2023-08-25 06:48:00,19.97293,34.0,0.0,0.0
2023-08-25 06:49:00,20.07258,38.0,0.0,0.0
2023-08-25 06:50:00,20.18868,40.0,0.0,0.0
2023-08-25 06:51:00,20.39777,39.0,0.0,0.0
2023-08-25 06:52:00,20.5664,37.0,0.0,0.0
2023-08-25 06:53:00,20.64883,41.0,0.0,0.0
2023-08-25 06:54:00,20.87875,40.0,0.0,0.0
2023-08-25 06:55:00,21.19321,39.0,0.0,0.0
2023-08-25 06:56:00,21.34562,42.0,0.0,0.0
2023-08-25 06:57:00,21.54479,41.0,0.0,0.0
2023-08-25 06:58:00,21.91345,43.0,0.0,0.0
2023-08-25 06:59:00,22.12316,42.0,0.0,0.0
2023-08-25 07:00:00,22.4383,44.0,0.0,0.0
2023-08-25 07:01:00,22.79277,44.0,0.0,0.0
2023-08-25 07:02:00,23.11979,43.0,0.0,0.0
2023-08-25 07:03:00,23.40978,44.0,0.0,0.0
2023-08-25 07:04:00,23.66265,43.0,0.0,0.0
2023-08-25 07:05:00,23.79811,37.0,0.0,0.0
2023-08-25 07:06:00,23.89653,43.0,0.0,0.0
2023-08-25 07:07:00,24.01628,38.0,0.0,0.0
2023-08-25 07:08:00,24.04395,39.0,0.0,0.0
2023-08-25 07:09:00,24.04015,39.0,0.0,0.0
2023-08-25 07:10:00,24.00307,40.0,0.0,0.0
2023-08-25 07:11:00,23.90176,36.0,0.0,0.0
2023-08-25 07:12:00,23.74955,39.0,0.0,0.0
2023-08-25 07:13:00,23.54062,37.0,0.0,0.0
2023-08-25 07:14:00,23.3714,37.0,0.0,0.0
2023-08-25 07:15:00,23.31269,38.0,0.0,0.0
2023-08-25 07:16:00,23.25807,40.0,0.0,0.0
2023-08-25 07:17:00,23.14388,34.0,0.0,0.0
2023-08-25 07:18:00,22.94688,36.0,0.0,0.0
2023-08-25 07:19:00,23.03398,35.0,0.0,0.0
2023-08-25 07:20:00,23.01723,36.0,0.0,0.0
2023-08-25 07:21:00,22.75717,39.0,0.0,0.0
2023-08-25 07:22:00,22.70358,36.0,0.0,0.0
2023-08-25 07:23:00,22.82817,39.0,0.0,0.0
2023-08-25 07:24:00,22.9201,39.0,0.0,0.0
2023-08-25 07:25:00,22.96869,37.0,0.0,0.0
2023-08-25 07:26:00,23.18877,38.0,0.0,0.0
2023-08-25 07:27:00,23.33503,40.0,0.0,0.0
2023-08-25 07:28:00,23.63354,36.0,0.0,0.0
2023-08-25 07:29:00,23.89755,37.0,0.0,0.0
2023-08-25 07:30:00,23.96538,42.0,0.0,0.0
2023-08-25 07:31:00,24.19335,37.0,0.0,0.0
2023-08-25 07:32:00,24.57464,36.0,0.0,0.0
2023-08-25 07:33:00,24.9691,41.0,0.0,0.0
2023-08-25 07:35:00,25.22534,39.0,0.0,0.0
2023-08-25 07:36:00,25.53501,37.0,0.0,0.0
2023-08-25 07:37:00,25.74738,38.0,0.0,0.0
2023-08-25 07:38:00,25.96043,36.0,0.0,0.0
2023-08-25 07:39:00,25.85559,32.0,0.0,0.0
2023-08-25 07:40:00,25.6967,34.0,0.0,0.0
2023-08-25 07:41:00,25.65893,34.0,0.0,0.0
2023-08-25 07:42:00,25.55653,34.0,0.0,0.0
2023-08-25 07:43:00,25.32911,38.0,0.0,0.0
2023-08-25 07:44:00,25.0582,31.0,0.0,0.0
2023-08-25 07:45:00,24.8195,34.0,0.0,0.0
2023-08-25 07:46:00,24.66936,37.0,0.0,0.0
2023-08-25 07:48:00,23.85335,29.0,0.0,0.0
2023-08-25 07:49:00,23.33734,36.0,0.0,0.0
2023-08-25 07:50:00,23.09539,32.0,0.0,0.0
2023-08-25 07:51:00,22.9624,34.0,0.0,0.0
2023-08-25 07:52:00,22.70615,32.0,0.0,0.0
2023-08-25 07:54:00,22.2438,32.0,0.0,0.0
2023-08-25 07:55:00,21.97923,27.0,0.0,0.0
2023-08-25 07:57:00,21.27142,27.0,0.0,0.0
2023-08-25 07:58:00,20.9741,25.0,0.0,0.0
2023-08-25 07:59:00,20.71402,25.0,0.0,0.0
2023-08-25 08:00:00,20.49739,27.0,0.0,0.0
2023-08-25 08:01:00,20.0371,25.0,0.0,0.0
2023-08-25 08:02:00,19.74734,26.0,0.0,0.0
2023-08-25 08:04:00,19.0775,27.0,0.0,0.0
2023-08-25 08:05:00,19.01608,27.0,0.0,0.0
2023-08-25 08:06:00,18.94193,27.0,0.0,0.0
2023-08-25 08:07:00,18.81527,25.0,0.0,0.0
2023-08-25 08:08:00,18.70756,25.0,0.0,0.0
2023-08-25 08:10:00,18.61241,22.0,0.0,0.0
2023-08-25 08:11:00,18.56709,29.0,0.0,0.0
2023-08-25 08:12:00,18.59112,28.0,0.0,0.0
2023-08-25 08:13:00,18.60757,27.0,0.0,0.0
2023-08-25 08:14:00,18.64238,33.0,0.0,0.0
2023-08-25 08:15:00,18.72586,34.0,0.0,0.0
2023-08-25 08:16:00,18.83879,37.0,0.0,0.0
2023-08-25 08:17:00,19.27214,39.0,0.0,0.0
2023-08-25 08:18:00,20.12005,41.0,0.0,0.0
2023-08-25 08:19:00,20.70861,38.0,0.0,0.0
2023-08-25 08:20:00,21.46239,37.0,0.0,0.0
2023-08-25 08:21:00,22.01275,38.0,0.0,0.0
2023-08-25 08:23:00,23.01221,34.0,0.0,0.0
2023-08-25 08:24:00,23.30692,29.0,0.0,0.0
2023-08-25 08:26:00,23.67677,26.0,0.0,0.0
2023-08-25 08:27:00,23.70085,25.0,0.0,0.0
2023-08-25 08:29:00,22.85945,23.0,0.0,0.0
2023-08-25 08:30:00,22.11442,26.0,0.0,0.0
2023-08-25 08:31:00,21.28097,24.0,0.0,0.0
2023-08-25 08:32:00,20.61383,23.0,0.0,0.0
2023-08-25 08:33:00,19.92121,22.0,0.0,0.0
2023-08-25 08:34:00,19.29524,24.0,0.0,0.0
2023-08-25 08:35:00,18.81583,22.0,0.0,0.0
2023-08-25 08:37:00,18.06573,21.0,0.0,0.0
2023-08-25 08:38:00,17.73177,22.0,0.0,0.0
2023-08-25 08:39:00,17.55028,23.0,0.0,0.0
2023-08-25 08:40:00,17.35019,20.0,0.0,0.0
2023-08-25 08:41:00,17.22135,21.0,0.0,0.0
2023-08-25 08:42:00,17.17221,26.0,0.0,0.0
2023-08-25 08:43:00,17.3879,26.0,0.0,0.0
2023-08-25 08:44:00,17.42869,25.0,0.0,0.0
2023-08-25 08:45:00,17.59547,22.0,0.0,0.0
2023-08-25 08:46:00,17.69312,23.0,0.0,0.0
2023-08-25 08:47:00,17.69456,23.0,0.0,0.0
2023-08-25 08:48:00,17.80889,22.0,0.0,0.0
2023-08-25 08:49:00,17.93728,24.0,0.0,0.0
2023-08-25 08:50:00,17.91485,24.0,0.0,0.0
2023-08-25 08:51:00,17.97853,21.0,0.0,0.0
2023-08-25 08:52:00,18.18372,25.0,0.0,0.0
2023-08-25 08:53:00,18.24136,20.0,0.0,0.0
2023-08-25 08:54:00,17.96707,24.0,0.0,0.0
2023-08-25 08:55:00,17.83616,23.0,0.0,0.0
2023-08-25 08:56:00,17.82821,23.0,0.0,0.0
2023-08-25 08:57:00,17.67142,23.0,0.0,0.0
2023-08-25 08:58:00,17.56047,22.0,0.0,0.0
2023-08-25 08:59:00,17.52868,24.0,0.0,0.0
2023-08-25 09:00:00,17.45304,24.0,0.0,0.0
2023-08-25 09:01:00,17.42246,22.0,0.0,0.0
2023-08-25 09:02:00,17.47096,22.0,0.0,0.0
2023-08-25 09:03:00,17.59309,25.0,0.0,0.0
2023-08-25 09:04:00,17.63121,27.0,0.0,0.0
2023-08-25 09:05:00,18.06838,30.0,0.0,0.0
2023-08-25 09:06:00,18.39494,28.0,0.0,0.0
2023-08-25 09:07:00,18.61217,29.0,0.0,0.0
2023-08-25 09:08:00,18.70144,28.0,0.0,0.0
2023-08-25 09:09:00,18.87803,27.0,0.0,0.0
2023-08-25 09:10:00,18.98025,33.0,0.0,0.0
2023-08-25 09:11:00,19.36894,27.0,0.0,0.0
2023-08-25 09:12:00,19.64139,31.0,0.0,0.0
2023-08-25 09:13:00,19.8829,34.0,0.0,0.0
2023-08-25 09:15:00,20.65063,30.0,0.0,0.0
2023-08-25 09:16:00,20.69713,32.0,0.0,0.0
2023-08-25 09:17:00,20.75531,35.0,0.0,0.0
2023-08-25 09:18:00,21.18876,24.0,0.0,0.0
2023-08-25 09:19:00,21.30124,28.0,0.0,0.0
2023-08-25 09:20:00,21.56776,31.0,0.0,0.0
2023-08-25 09:21:00,22.05653,41.0,0.0,0.0
2023-08-25 09:22:00,22.89863,37.0,0.0,0.0
2023-08-25 09:23:00,23.48544,31.0,0.0,0.0
2023-08-25 09:24:00,23.66515,26.0,0.0,0.0
2023-08-25 09:25:00,23.37691,23.0,0.0,0.0
2023-08-25 09:26:00,22.94074,26.0,0.0,0.0
2023-08-25 09:27:00,22.50006,21.0,0.0,0.0
2023-08-25 09:28:00,22.01018,18.0,0.0,0.0
2023-08-25 09:29:00,21.20184,19.0,0.0,0.0
2023-08-25 09:30:00,20.45122,17.0,0.0,0.0
2023-08-25 09:31:00,19.71999,17.0,0.0,0.0
2023-08-25 09:32:00,18.7919,17.0,0.0,0.0
2023-08-25 09:33:00,17.54444,16.0,0.0,0.0
2023-08-25 09:34:00,16.14243,16.0,0.0,0.0
2023-08-25 09:35:00,14.94077,17.0,0.0,0.0
2023-08-25 09:36:00,14.32597,17.0,0.0,0.0
2023-08-25 09:37:00,13.62035,14.0,0.0,0.0
2023-08-25 09:38:00,13.20171,15.0,0.0,0.0
2023-08-25 09:39:00,12.87391,14.0,0.0,0.0
2023-08-25 09:40:00,12.66493,17.0,0.0,0.0
2023-08-25 09:41:00,12.49843,15.0,0.0,0.0
2023-08-25 09:42:00,12.41747,13.0,0.0,0.0
2023-08-25 09:43:00,12.32256,14.0,0.0,0.0
2023-08-25 09:44:00,12.3118,14.0,0.0,0.0
2023-08-25 09:45:00,12.28361,16.0,0.0,0.0
2023-08-25 09:46:00,12.28409,16.0,0.0,0.0
2023-08-25 09:47:00,12.17167,15.0,0.0,0.0
2023-08-25 09:48:00,12.17306,16.0,0.0,0.0
2023-08-25 09:50:00,11.96718,16.0,0.0,0.0
2023-08-25 09:51:00,12.03789,15.0,0.0,0.0
2023-08-25 09:52:00,12.0954,14.0,0.0,0.0
2023-08-25 09:53:00,12.14466,14.0,0.0,0.0
2023-08-25 09:54:00,12.16267,16.0,0.0,0.0
2023-08-25 09:55:00,12.06364,15.0,0.0,0.0
2023-08-25 09:56:00,12.01297,16.0,0.0,0.0
2023-08-25 09:57:00,11.97571,15.0,0.0,0.0
2023-08-25 09:58:00,11.95573,14.0,0.0,0.0
2023-08-25 09:59:00,11.91996,15.0,0.0,0.0
2023-08-25 10:00:00,11.97555,15.0,0.0,0.0
2023-08-25 10:01:00,11.96228,16.0,0.0,0.0
2023-08-25 10:02:00,11.80802,16.0,0.0,0.0
2023-08-25 10:03:00,11.67229,15.0,0.0,0.0
2023-08-25 10:04:00,11.58154,15.0,0.0,0.0
2023-08-25 10:05:00,11.64852,15.0,0.0,0.0
2023-08-25 10:06:00,11.76908,15.0,0.0,0.0
2023-08-25 10:07:00,12.0242,20.0,0.0,0.0
2023-08-25 10:08:00,12.36888,23.0,0.0,0.0
2023-08-25 10:09:00,12.87901,20.0,0.0,0.0
2023-08-25 10:10:00,13.38023,22.0,0.0,0.0
2023-08-25 10:11:00,13.7676,20.0,0.0,0.0
2023-08-25 10:12:00,14.13253,22.0,0.0,0.0
2023-08-25 10:13:00,14.52726,17.0,0.0,0.0
2023-08-25 10:14:00,14.85364,19.0,0.0,0.0
2023-08-25 10:15:00,15.32532,18.0,0.0,0.0
2023-08-25 10:16:00,15.67295,20.0,0.0,0.0
2023-08-25 10:17:00,15.8238,22.0,0.0,0.0
2023-08-25 10:18:00,15.82074,21.0,0.0,0.0
2023-08-25 10:19:00,15.75869,18.0,0.0,0.0
2023-08-25 10:20:00,15.37881,17.0,0.0,0.0
2023-08-25 10:21:00,15.08958,16.0,0.0,0.0
2023-08-25 10:22:00,14.6563,15.0,0.0,0.0
2023-08-25 10:24:00,13.86141,16.0,0.0,0.0
2023-08-25 10:25:00,13.40392,16.0,0.0,0.0
2023-08-25 10:26:00,13.04625,15.0,0.0,0.0
2023-08-25 10:27:00,12.4637,14.0,0.0,0.0
2023-08-25 10:28:00,12.06955,15.0,0.0,0.0
2023-08-25 10:29:00,11.77654,14.0,0.0,0.0
2023-08-25 10:30:00,11.51201,16.0,0.0,0.0
2023-08-25 10:31:00,11.51117,16.0,0.0,0.0
2023-08-25 10:32:00,11.3588,13.0,0.0,0.0
2023-08-25 10:34:00,11.28944,15.0,0.0,0.0
2023-08-25 10:59:00,12.19313,17.0,0.0,0.0
2023-08-25 11:00:00,12.3375,14.0,0.0,0.0
2023-08-25 11:01:00,12.37756,15.0,0.0,0.0
2023-08-25 11:02:00,12.39467,16.0,0.0,0.0
2023-08-25 11:03:00,12.35858,16.0,0.0,0.0
2023-08-25 11:04:00,12.29694,14.0,0.0,0.0
2023-08-25 11:05:00,12.22373,15.0,0.0,0.0
2023-08-25 11:06:00,12.12086,14.0,0.0,0.0
2023-08-25 11:07:00,11.94466,13.0,0.0,0.0
2023-08-25 11:08:00,11.62464,12.0,0.0,0.0
2023-08-25 11:09:00,11.35749,10.0,0.0,0.0
2023-08-25 11:11:00,10.90638,13.0,0.0,0.0
2023-08-25 11:12:00,10.86642,13.0,0.0,0.0
2023-08-25 11:13:00,10.85306,11.0,0.0,0.0
2023-08-25 11:33:00,11.68512,14.0,0.0,0.0
2023-08-25 11:35:00,12.12648,4.0,0.0,0.0
2023-08-25 11:38:00,12.89501,1.0,0.0,0.0
2023-08-25 11:39:00,13.02612,18.0,0.0,0.0
2023-08-25 11:40:00,13.16391,15.0,0.0,0.0
2023-08-25 11:41:00,13.23262,14.0,0.0,0.0
2023-08-25 11:42:00,13.22415,15.0,0.0,0.0
2023-08-25 11:43:00,13.16799,17.0,0.0,0.0
2023-08-25 11:44:00,12.99881,15.0,0.0,0.0
2023-08-25 11:45:00,12.85447,14.0,0.0,0.0
2023-08-25 11:46:00,12.64888,14.0,0.0,0.0
2023-08-25 11:47:00,12.29034,14.0,0.0,0.0
2023-08-25 11:49:00,11.60099,16.0,0.0,0.0
2023-08-25 11:50:00,11.5034,14.0,0.0,0.0
2023-08-25 11:51:00,11.39127,14.0,0.0,0.0
2023-08-25 11:52:00,11.31983,12.0,0.0,0.0
2023-08-25 11:53:00,11.27071,13.0,0.0,0.0
2023-08-25 11:54:00,11.24372,13.0,0.0,0.0
2023-08-25 11:55:00,11.19471,13.0,0.0,0.0
2023-08-25 11:56:00,11.14787,12.0,0.0,0.0
2023-08-25 11:57:00,11.08981,11.0,0.0,0.0
2023-08-25 11:58:00,11.11612,10.0,0.0,0.0
2023-08-25 11:59:00,11.18513,13.0,0.0,0.0
2023-08-25 12:00:00,11.24588,11.0,0.0,0.0
2023-08-25 12:01:00,11.21276,10.0,0.0,0.0
2023-08-25 12:02:00,11.11264,10.0,0.0,0.0
2023-08-25 12:03:00,11.051,11.0,0.0,0.0
2023-08-25 12:04:00,10.97647,10.0,0.0,0.0
2023-08-25 12:05:00,10.95169,12.0,0.0,0.0
2023-08-25 12:06:00,10.90641,9.0,0.0,0.0
2023-08-25 12:07:00,10.93933,9.0,0.0,0.0
2023-08-25 12:08:00,10.98664,9.0,0.0,0.0
2023-08-25 12:09:00,11.06423,9.0,0.0,0.0
2023-08-25 12:10:00,11.15205,11.0,0.0,0.0
2023-08-25 12:11:00,11.27449,12.0,0.0,0.0
2023-08-25 12:12:00,11.34069,9.0,0.0,0.0
2023-08-25 12:13:00,11.47389,11.0,0.0,0.0
2023-08-25 12:14:00,11.67177,11.0,0.0,0.0
2023-08-25 12:15:00,11.81878,11.0,0.0,0.0
2023-08-25 12:16:00,12.00954,11.0,0.0,0.0
2023-08-25 12:17:00,12.29041,12.0,0.0,0.0
2023-08-25 12:18:00,12.58361,11.0,0.0,0.0
2023-08-25 12:19:00,12.93356,12.0,0.0,0.0
2023-08-25 12:20:00,13.17069,11.0,0.0,0.0
2023-08-25 12:21:00,13.24665,12.0,0.0,0.0
2023-08-25 12:23:00,13.39798,12.0,0.0,0.0
2023-08-25 12:25:00,13.45718,11.0,0.0,0.0
2023-08-25 12:27:00,13.40929,10.0,0.0,0.0
2023-08-25 12:28:00,13.33025,7.0,0.0,0.0
2023-08-25 12:29:00,13.12681,9.0,0.0,0.0
2023-08-25 12:31:00,12.61021,11.0,0.0,0.0
2023-08-25 12:32:00,12.44788,10.0,0.0,0.0
2023-08-25 12:34:00,12.24109,10.0,0.0,0.0
2023-08-25 12:35:00,12.16483,11.0,0.0,0.0
2023-08-25 12:36:00,12.11706,11.0,0.0,0.0
2023-08-25 12:37:00,12.06446,11.0,0.0,0.0
2023-08-25 12:38:00,11.97964,9.0,0.0,0.0
2023-08-25 12:39:00,11.92948,10.0,30.5,72.0
2023-08-25 12:40:00,11.75597,11.0,30.7,72.0
2023-08-25 12:41:00,11.62988,11.0,30.7,73.0
2023-08-25 12:42:00,11.49287,9.0,30.7,72.0
2023-08-25 12:43:00,11.42115,9.0,30.4,72.0
2023-08-25 12:44:00,11.42005,10.0,30.1,73.0
2023-08-25 12:45:00,11.39564,9.0,29.8,74.0
2023-08-25 12:46:00,11.3374,14.0,29.5,74.0
2023-08-25 12:47:00,11.39109,11.0,29.2,74.0
2023-08-25 12:48:00,11.45747,11.0,29.0,75.0
2023-08-25 12:49:00,11.64457,12.0,28.7,76.0
2023-08-25 12:50:00,11.67356,8.0,28.5,76.0
2023-08-25 12:51:00,11.73085,11.0,28.2,77.0
2023-08-25 12:52:00,11.87785,8.0,28.2,76.0
2023-08-25 12:53:00,12.01536,9.0,28.1,77.0
2023-08-25 12:54:00,12.03013,8.0,28.0,77.0
2023-08-25 12:55:00,12.04956,10.0,28.0,77.0
2023-08-25 12:56:00,12.00351,9.0,28.0,77.0
2023-08-25 12:57:00,12.06077,8.0,28.0,77.0
2023-08-25 12:58:00,11.84067,8.0,27.9,77.0
2023-08-25 12:59:00,11.62296,9.0,27.8,77.0
2023-08-25 13:00:00,11.42385,9.0,27.7,78.0
2023-08-25 13:01:00,11.31212,9.0,27.8,78.0
2023-08-25 13:02:00,11.24619,9.0,27.8,78.0
2023-08-25 13:03:00,11.20187,10.0,27.7,77.0
2023-08-25 13:04:00,11.03288,8.0,27.7,78.0
2023-08-25 13:05:00,10.93493,8.0,27.7,78.0
2023-08-25 13:06:00,10.80053,9.0,27.7,78.0
2023-08-25 13:07:00,10.6798,9.0,27.6,78.0
2023-08-25 13:08:00,10.57584,8.0,27.6,78.0
2023-08-25 13:09:00,10.45236,8.0,27.5,78.0
2023-08-25 13:10:00,10.45358,8.0,27.5,78.0
2023-08-25 13:11:00,10.34187,9.0,27.5,78.0
2023-08-25 13:12:00,10.35702,7.0,27.4,78.0
2023-08-25 13:13:00,10.36927,7.0,27.3,78.0
2023-08-25 13:14:00,10.36534,7.0,27.6,78.0
2023-08-25 13:15:00,10.25943,7.0,27.7,77.0
2023-08-25 13:16:00,10.20176,10.0,27.8,77.0
2023-08-25 13:17:00,10.18655,9.0,28.3,77.0
2023-08-25 13:18:00,10.24331,8.0,28.5,76.0
2023-08-25 13:19:00,10.24207,5.0,28.7,75.0
2023-08-25 13:20:00,10.26542,8.0,28.5,76.0
2023-08-25 13:21:00,10.16037,6.0,28.3,76.0
2023-08-25 13:22:00,10.12519,6.0,28.1,76.0
2023-08-25 13:23:00,10.00998,10.0,28.2,77.0
2023-08-25 13:24:00,9.903213,9.0,28.2,77.0
2023-08-25 13:25:00,9.80677,8.0,28.3,76.0
2023-08-25 13:26:00,9.78036,10.0,28.2,77.0
2023-08-25 13:27:00,9.835509,6.0,28.0,77.0
2023-08-25 13:28:00,9.764726,6.0,27.7,77.0
2023-08-25 13:29:00,9.677976,9.0,27.6,78.0
2023-08-25 13:30:00,9.567584,6.0,27.5,78.0
2023-08-25 13:32:00,9.542329,7.0,27.4,78.0
2023-08-25 13:33:00,9.541194,7.0,27.2,78.0
2023-08-25 13:34:00,9.475589,5.0,27.0,78.0
2023-08-25 13:35:00,9.43847,7.0,26.8,79.0
2023-08-25 13:36:00,9.364429,8.0,26.8,79.0
2023-08-25 13:37:00,9.317695,6.0,27.0,79.0
2023-08-25 13:38:00,9.19574,6.0,27.1,78.0
2023-08-25 13:39:00,9.103545,6.0,27.4,78.0
2023-08-25 13:40:00,9.114594,7.0,27.5,78.0
2023-08-25 13:42:00,8.948166,7.0,27.5,78.0
2023-08-25 13:43:00,8.934525,6.0,27.4,78.0
2023-08-25 13:44:00,8.846948,9.0,27.4,78.0
2023-08-25 13:46:00,8.834438,6.0,27.2,78.0
2023-08-25 13:48:00,8.77864,5.0,27.1,78.0
2023-08-25 13:49:00,8.753798,7.0,27.0,79.0
2023-08-25 13:50:00,8.680523,7.0,27.0,79.0
2023-08-25 13:51:00,8.717016,8.0,27.0,79.0
2023-08-25 13:52:00,8.715838,7.0,27.1,79.0
2023-08-25 13:53:00,8.73099,6.0,27.0,79.0
2023-08-25 13:54:00,8.696049,7.0,27.0,79.0
2023-08-25 13:55:00,8.674182,6.0,26.9,79.0
2023-08-25 13:56:00,8.664879,5.0,27.0,79.0
2023-08-25 13:58:00,8.553638,6.0,27.0,79.0
2023-08-25 13:59:00,8.63532,6.0,26.9,79.0
2023-08-25 14:00:00,8.660815,5.0,27.1,79.0
2023-08-25 14:01:00,8.728031,8.0,27.1,78.0
2023-08-25 14:02:00,8.748289,6.0,27.0,79.0
2023-08-25 14:03:00,8.730119,7.0,27.0,79.0
2023-08-25 14:04:00,8.767996,6.0,27.2,78.0
2023-08-25 14:05:00,8.828118,6.0,27.5,78.0
2023-08-25 14:06:00,8.844675,6.0,27.9,78.0
2023-08-25 14:07:00,8.815667,6.0,28.1,77.0
2023-08-25 14:08:00,8.748208,8.0,28.4,77.0
2023-08-25 14:09:00,8.719239,5.0,28.5,77.0
2023-08-25 14:10:00,8.709976,6.0,28.9,76.0
2023-08-25 14:11:00,8.621579,6.0,29.2,75.0
2023-08-25 14:12:00,8.501269,6.0,29.5,75.0
2023-08-25 14:13:00,8.40593,7.0,29.6,74.0
2023-08-25 14:14:00,8.255309,5.0,29.4,74.0
2023-08-25 14:15:00,8.148885,5.0,29.0,75.0
2023-08-25 14:16:00,8.046469,6.0,28.8,76.0
2023-08-25 14:17:00,7.936258,9.0,28.7,76.0
2023-08-25 14:18:00,7.884461,7.0,28.9,76.0
2023-08-25 14:19:00,7.976712,7.0,28.8,76.0
2023-08-25 14:20:00,8.020659,5.0,28.6,76.0
2023-08-25 14:21:00,7.916981,5.0,28.4,76.0
2023-08-25 14:22:00,7.884809,8.0,28.3,77.0
2023-08-25 14:23:00,7.973768,6.0,28.1,77.0
2023-08-25 14:24:00,7.990719,5.0,27.9,77.0
2023-08-25 14:25:00,8.009007,6.0,27.7,77.0
2023-08-25 14:26:00,8.127442,6.0,27.5,77.0
2023-08-25 14:27:00,8.164645,6.0,27.4,78.0
2023-08-25 14:28:00,8.213088,5.0,27.2,78.0
2023-08-25 14:29:00,8.277498,7.0,27.1,78.0
2023-08-25 14:30:00,8.253495,6.0,27.0,78.0
2023-08-25 14:31:00,8.312682,6.0,26.9,79.0
2023-08-25 14:32:00,8.339257,6.0,26.8,79.0
2023-08-25 14:33:00,8.375084,6.0,26.8,79.0
2023-08-25 14:34:00,8.532886,8.0,26.7,79.0
2023-08-25 14:35:00,8.667699,6.0,26.6,79.0
2023-08-25 14:36:00,8.718049,6.0,26.5,80.0
2023-08-25 14:37:00,8.660367,8.0,26.5,80.0
2023-08-25 14:38:00,8.662372,6.0,26.4,80.0
2023-08-25 14:39:00,8.683372,7.0,26.4,80.0
2023-08-25 14:40:00,8.722344,8.0,26.4,81.0
2023-08-25 14:41:00,8.73562,6.0,26.3,80.0
2023-08-25 14:42:00,8.743704,6.0,26.2,81.0
2023-08-25 14:43:00,8.674521,7.0,26.2,81.0
2023-08-25 14:44:00,8.645232,5.0,26.1,81.0
2023-08-25 14:45:00,8.617849,6.0,26.1,82.0
2023-08-25 14:46:00,8.524905,4.0,26.1,82.0
2023-08-25 14:47:00,8.45976,5.0,26.0,83.0
2023-08-25 14:48:00,8.480599,7.0,25.9,83.0
2023-08-25 14:49:00,8.453174,5.0,25.8,84.0
2023-08-25 14:51:00,8.417693,5.0,25.8,84.0
2023-08-25 14:53:00,8.414341,7.0,25.7,84.0
2023-08-25 14:55:00,8.4938,7.0,25.7,84.0
2023-08-25 14:56:00,8.527789,6.0,25.8,84.0
2023-08-25 14:57:00,8.597251,5.0,25.8,84.0
2023-08-25 14:58:00,8.593988,7.0,25.9,84.0
2023-08-25 14:59:00,8.52167,8.0,26.2,82.0
2023-08-25 15:00:00,8.575076,6.0,26.6,81.0
2023-08-25 15:01:00,8.681338,8.0,27.0,80.0
2023-08-25 15:02:00,8.764244,6.0,27.2,79.0
2023-08-25 15:03:00,8.885876,8.0,27.6,78.0
2023-08-25 15:04:00,8.926374,7.0,28.1,78.0
2023-08-25 15:05:00,9.01495,7.0,28.4,77.0
2023-08-25 15:06:00,9.026537,8.0,28.8,77.0
2023-08-25 15:07:00,9.040956,8.0,29.0,76.0
2023-08-25 15:09:00,8.930604,7.0,29.3,75.0
2023-08-25 15:10:00,8.914975,7.0,29.4,75.0
2023-08-25 15:11:00,8.964435,8.0,29.4,75.0
2023-08-25 15:13:00,8.7799,6.0,29.4,75.0
2023-08-25 15:15:00,8.650363,7.0,29.2,75.0
2023-08-25 15:17:00,8.428358,7.0,29.3,75.0
2023-08-25 15:18:00,8.323995,7.0,29.2,75.0
2023-08-25 15:19:00,8.266978,9.0,29.3,75.0
2023-08-25 15:20:00,8.280675,7.0,29.2,75.0
2023-08-25 15:21:00,8.305031,7.0,29.2,75.0
2023-08-25 15:22:00,8.351897,7.0,29.2,75.0
2023-08-25 15:23:00,8.349395,9.0,29.1,75.0
2023-08-25 15:24:00,8.410777,8.0,29.0,76.0
2023-08-25 15:25:00,8.412962,6.0,29.0,76.0
2023-08-25 15:26:00,8.428606,7.0,29.0,76.0
2023-08-25 15:27:00,8.37272,6.0,28.9,76.0
2023-08-25 15:28:00,8.469298,7.0,28.7,76.0
2023-08-25 15:29:00,8.635094,5.0,28.5,76.0
2023-08-25 15:30:00,8.644975,7.0,28.4,76.0
2023-08-25 15:31:00,8.774298,8.0,28.2,76.0
2023-08-25 15:32:00,8.808904,6.0,28.2,76.0
2023-08-25 15:33:00,8.849977,7.0,28.3,76.0
2023-08-25 15:34:00,8.913518,8.0,28.2,77.0
2023-08-25 15:35:00,8.999259,8.0,28.2,77.0
2023-08-25 15:36:00,8.970176,7.0,28.2,77.0
2023-08-25 15:37:00,9.069308,7.0,28.3,77.0
2023-08-25 15:38:00,9.110814,6.0,28.2,76.0
2023-08-25 15:39:00,9.044637,7.0,28.2,77.0
2023-08-25 15:40:00,8.998694,5.0,28.1,77.0
2023-08-25 15:41:00,9.031707,5.0,28.0,77.0
2023-08-25 15:42:00,8.96723,7.0,27.9,77.0
2023-08-25 15:43:00,8.935102,8.0,27.8,77.0
2023-08-25 15:44:00,8.88633,9.0,27.7,77.0
2023-08-25 15:45:00,8.877696,8.0,27.7,77.0
2023-08-25 15:46:00,8.850125,7.0,27.6,78.0
2023-08-25 15:47:00,8.955604,8.0,27.7,77.0
2023-08-25 15:48:00,8.962386,6.0,27.6,77.0
2023-08-25 15:49:00,8.896053,7.0,27.7,77.0
2023-08-25 15:50:00,8.945815,6.0,27.7,77.0
2023-08-25 15:51:00,8.918293,6.0,27.7,77.0
2023-08-25 15:53:00,8.941772,7.0,27.7,77.0
2023-08-25 15:54:00,9.003407,9.0,27.8,77.0
2023-08-25 15:55:00,9.045993,5.0,27.8,77.0
2023-08-25 15:56:00,8.974408,5.0,27.8,77.0
2023-08-25 15:57:00,8.900762,4.0,27.8,77.0
2023-08-25 15:58:00,8.676126,6.0,27.8,77.0
2023-08-25 16:00:00,8.557486,6.0,27.9,77.0
2023-08-25 16:01:00,8.49841,5.0,27.9,77.0
2023-08-25 16:03:00,8.375706,7.0,28.1,77.0
2023-08-25 16:04:00,8.311127,7.0,28.1,77.0
2023-08-25 16:05:00,8.220121,6.0,28.1,77.0
2023-08-25 16:06:00,8.070138,7.0,28.1,77.0
2023-08-25 16:07:00,8.043466,6.0,27.9,77.0
2023-08-25 16:08:00,8.144542,6.0,27.9,77.0
2023-08-25 16:09:00,8.20018,8.0,27.9,77.0
2023-08-25 16:10:00,8.415385,7.0,28.0,77.0
2023-08-25 16:11:00,8.468122,7.0,28.0,77.0
2023-08-25 16:12:00,8.479858,5.0,28.1,77.0
2023-08-25 16:13:00,8.469553,6.0,28.2,77.0
2023-08-25 16:14:00,8.453988,5.0,28.2,76.0
2023-08-25 16:15:00,8.478583,6.0,28.1,76.0
2023-08-25 16:16:00,8.418271,5.0,28.0,77.0
2023-08-25 16:17:00,8.411733,6.0,28.1,77.0
2023-08-25 16:18:00,8.356088,6.0,28.1,77.0
2023-08-25 16:19:00,8.260008,4.0,28.0,77.0
2023-08-25 16:20:00,8.175349,5.0,27.9,77.0
2023-08-25 16:21:00,8.096388,6.0,27.9,77.0
2023-08-25 16:22:00,8.017374,6.0,27.8,77.0
2023-08-25 16:23:00,8.055994,5.0,27.7,77.0
2023-08-25 16:24:00,8.050369,5.0,27.6,77.0
2023-08-25 16:26:00,8.029311,5.0,27.4,78.0
2023-08-25 16:27:00,8.065648,6.0,27.2,78.0
2023-08-25 16:29:00,8.194373,5.0,27.0,78.0
2023-08-25 16:30:00,8.21299,5.0,26.7,79.0
2023-08-25 16:31:00,8.301594,7.0,26.7,79.0
2023-08-25 16:32:00,8.397895,5.0,26.6,79.0
2023-08-25 16:33:00,8.390536,5.0,26.5,80.0
2023-08-25 16:34:00,8.509221,6.0,26.4,80.0
2023-08-25 16:35:00,8.436504,6.0,26.4,80.0
2023-08-25 16:36:00,8.474435,5.0,26.4,80.0
2023-08-25 16:37:00,8.53365,7.0,26.5,80.0
2023-08-25 16:38:00,8.66348,8.0,26.5,79.0
2023-08-25 16:39:00,8.666252,6.0,26.5,79.0
2023-08-25 16:40:00,8.713061,7.0,26.5,79.0
2023-08-25 16:41:00,8.792847,5.0,26.5,79.0
2023-08-25 16:42:00,8.903027,8.0,26.5,79.0
2023-08-25 16:43:00,8.832623,5.0,26.5,79.0
2023-08-25 16:44:00,8.821036,6.0,26.4,80.0
2023-08-25 16:45:00,8.69453,4.0,26.2,81.0
2023-08-25 16:46:00,8.650977,6.0,26.1,82.0
2023-08-25 16:47:00,8.650294,5.0,26.0,83.0
2023-08-25 16:48:00,8.661319,6.0,25.9,83.0
2023-08-25 16:50:00,8.522202,6.0,25.8,83.0
2023-08-25 16:51:00,8.528567,5.0,25.8,83.0
2023-08-25 16:52:00,8.406651,5.0,25.7,84.0
2023-08-25 16:53:00,8.273003,5.0,25.7,84.0
2023-08-25 16:54:00,8.194823,7.0,25.6,84.0
2023-08-25 16:55:00,8.138055,7.0,25.6,84.0
2023-08-25 16:56:00,8.158885,6.0,25.7,84.0
2023-08-25 16:57:00,8.185588,7.0,25.8,84.0
2023-08-25 16:58:00,8.236592,7.0,25.8,84.0
2023-08-25 16:59:00,8.314454,7.0,25.9,83.0
2023-08-25 17:00:00,8.347526,6.0,26.0,83.0
2023-08-25 17:01:00,8.35176,8.0,26.1,83.0
2023-08-25 17:02:00,8.297387,6.0,26.1,82.0
2023-08-25 17:03:00,8.289845,6.0,26.1,82.0
2023-08-25 17:04:00,8.341033,7.0,26.2,81.0
2023-08-25 17:05:00,8.320908,5.0,26.2,82.0
2023-08-25 17:06:00,8.420345,6.0,26.0,83.0
2023-08-25 17:08:00,8.584311,4.0,25.9,84.0
2023-08-25 17:09:00,8.595349,6.0,25.7,84.0
2023-08-25 17:10:00,8.532,6.0,25.7,84.0
2023-08-25 17:11:00,8.488509,6.0,25.6,84.0
2023-08-25 17:12:00,8.49009,5.0,25.5,85.0
2023-08-25 17:13:00,8.542964,5.0,25.4,85.0
2023-08-25 17:14:00,8.640423,5.0,25.4,85.0
2023-08-25 17:15:00,8.712002,7.0,25.3,85.0
2023-08-25 17:16:00,8.793096,7.0,25.1,85.0
2023-08-25 17:17:00,8.863901,6.0,25.0,86.0
2023-08-25 17:19:00,8.879686,7.0,24.9,86.0
2023-08-25 17:20:00,8.891013,7.0,24.5,87.0
2023-08-25 17:21:00,8.905372,8.0,24.4,87.0
2023-08-25 17:22:00,8.94568,6.0,24.3,87.0
2023-08-25 17:24:00,9.172023,9.0,24.2,87.0
2023-08-25 17:25:00,9.217924,6.0,24.1,88.0
2023-08-25 17:26:00,9.224514,8.0,24.0,88.0
2023-08-25 17:27:00,9.292535,10.0,23.9,88.0
2023-08-25 17:28:00,9.335835,8.0,23.9,88.0
2023-08-25 17:29:00,9.400907,8.0,23.8,88.0
2023-08-25 17:30:00,9.303685,5.0,23.7,88.0
2023-08-25 17:31:00,9.397077,6.0,23.7,88.0
2023-08-25 17:32:00,9.310367,5.0,23.6,89.0
2023-08-25 17:33:00,9.269488,5.0,23.5,89.0
2023-08-25 17:35:00,9.079677,7.0,23.4,89.0
2023-08-25 17:37:00,8.787558,6.0,23.3,89.0
2023-08-25 17:38:00,8.750974,7.0,23.3,89.0
2023-08-25 17:40:00,8.536992,8.0,23.2,89.0
2023-08-25 17:41:00,8.442523,8.0,23.1,90.0
2023-08-25 17:43:00,8.4511,8.0,23.0,91.0
2023-08-25 17:44:00,8.474004,8.0,23.0,91.0
2023-08-25 17:45:00,8.562089,9.0,23.0,91.0
2023-08-25 17:46:00,8.721621,7.0,23.0,91.0
2023-08-25 17:48:00,9.024138,5.0,23.0,92.0
2023-08-25 17:49:00,9.037793,7.0,23.0,91.0
2023-08-25 17:50:00,9.007333,7.0,22.8,91.0
2023-08-25 17:51:00,8.99446,7.0,22.9,92.0
2023-08-25 17:52:00,8.958501,7.0,22.9,92.0
2023-08-25 17:53:00,8.94845,7.0,22.8,92.0
2023-08-25 17:54:00,8.928414,8.0,22.7,92.0
2023-08-25 17:55:00,8.915788,8.0,22.7,92.0
2023-08-25 17:56:00,8.860335,7.0,22.7,92.0
2023-08-25 17:57:00,8.782288,9.0,22.7,92.0
2023-08-25 17:58:00,8.692562,9.0,22.7,92.0
2023-08-25 17:59:00,8.586012,8.0,22.6,92.0
2023-08-25 18:00:00,8.579921,8.0,22.7,92.0
2023-08-25 18:01:00,8.64821,8.0,22.7,92.0
2023-08-25 18:02:00,8.77752,10.0,22.6,92.0
2023-08-25 18:03:00,8.944747,7.0,22.7,93.0
2023-08-25 18:04:00,9.007266,6.0,22.6,92.0
2023-08-25 18:05:00,8.988863,8.0,22.5,93.0
2023-08-25 18:06:00,8.968013,8.0,22.5,93.0
2023-08-25 18:07:00,8.946382,9.0,22.5,93.0
2023-08-25 18:08:00,9.029922,11.0,22.4,93.0
2023-08-25 18:09:00,9.289983,11.0,22.5,93.0
2023-08-25 18:10:00,9.541974,9.0,22.5,93.0
2023-08-25 18:11:00,9.76884,9.0,22.5,93.0
2023-08-25 18:12:00,9.966054,10.0,22.5,94.0
2023-08-25 18:13:00,10.04666,13.0,22.5,93.0
2023-08-25 18:14:00,10.17037,9.0,22.4,94.0
2023-08-25 18:15:00,10.13385,9.0,22.4,94.0
2023-08-25 18:16:00,10.2123,8.0,22.5,94.0
2023-08-25 18:17:00,10.2106,8.0,22.5,94.0
2023-08-25 18:18:00,10.23036,8.0,22.4,94.0
2023-08-25 18:19:00,10.24167,8.0,22.4,94.0
2023-08-25 18:20:00,10.13003,9.0,22.3,94.0
2023-08-25 18:21:00,9.946787,9.0,22.3,94.0
2023-08-25 18:22:00,9.863989,9.0,22.3,94.0
2023-08-25 18:23:00,9.751517,9.0,22.3,94.0
2023-08-25 18:24:00,9.663027,11.0,22.3,94.0
2023-08-25 18:25:00,9.517735,9.0,22.3,94.0
2023-08-25 18:26:00,9.568049,9.0,22.3,94.0
2023-08-25 18:27:00,9.637545,10.0,22.2,94.0
2023-08-25 18:28:00,9.711398,13.0,22.2,94.0
2023-08-25 18:29:00,9.794152,11.0,22.2,94.0
2023-08-25 18:30:00,9.881881,11.0,22.2,94.0
2023-08-25 18:32:00,10.07641,11.0,22.2,95.0
2023-08-25 18:33:00,10.11808,12.0,22.1,94.0
2023-08-25 18:34:00,10.31323,10.0,22.1,95.0
2023-08-25 18:35:00,10.38525,14.0,22.1,95.0
2023-08-25 18:36:00,10.55075,13.0,22.1,95.0
2023-08-25 18:37:00,10.76294,10.0,22.2,95.0
2023-08-25 18:38:00,10.87837,11.0,22.1,95.0
2023-08-25 18:39:00,10.98238,11.0,22.1,95.0
2023-08-25 18:40:00,11.02194,12.0,22.0,95.0
2023-08-25 18:41:00,11.10135,11.0,22.0,95.0
2023-08-25 18:42:00,11.12523,12.0,22.0,95.0
2023-08-25 18:43:00,11.09421,10.0,22.0,95.0
2023-08-25 18:44:00,11.16704,11.0,22.0,96.0
2023-08-25 18:45:00,11.18034,12.0,22.0,96.0
2023-08-25 18:46:00,11.19152,12.0,22.0,95.0
2023-08-25 18:47:00,11.22638,13.0,22.0,95.0
2023-08-25 18:48:00,11.03178,13.0,22.0,95.0
2023-08-25 18:49:00,10.92639,11.0,22.0,95.0
2023-08-25 18:50:00,10.95107,9.0,22.0,96.0
2023-08-25 18:52:00,10.70735,7.0,22.1,95.0
2023-08-25 18:53:00,10.52626,8.0,22.0,95.0
2023-08-25 18:54:00,10.43355,10.0,22.0,95.0
2023-08-25 18:56:00,10.06915,9.0,22.0,95.0
2023-08-25 18:57:00,9.863725,9.0,22.0,95.0
2023-08-25 18:58:00,9.67101,8.0,22.1,95.0
2023-08-25 18:59:00,9.562229,8.0,22.1,95.0
2023-08-25 19:00:00,9.357674,7.0,22.0,95.0
2023-08-25 19:01:00,9.13628,6.0,22.1,95.0
2023-08-25 19:02:00,8.902238,6.0,22.1,95.0
2023-08-25 19:03:00,8.727925,8.0,22.1,96.0
2023-08-25 19:04:00,8.622543,7.0,22.0,96.0
2023-08-25 19:05:00,8.478564,6.0,22.1,96.0
2023-08-25 19:06:00,8.374177,7.0,22.0,96.0
2023-08-25 19:07:00,8.305003,5.0,22.1,96.0
2023-08-25 19:09:00,8.117542,10.0,22.0,96.0
2023-08-25 19:10:00,8.066459,7.0,22.0,96.0
2023-08-25 19:11:00,8.00167,8.0,22.0,96.0
2023-08-25 19:12:00,8.019885,7.0,22.1,96.0
2023-08-25 19:13:00,8.0465,9.0,22.1,96.0
2023-08-25 19:14:00,8.147885,8.0,22.0,96.0
2023-08-25 19:15:00,8.202643,9.0,22.0,96.0
2023-08-25 19:16:00,8.256722,8.0,22.0,96.0
2023-08-25 19:17:00,8.366048,9.0,22.0,96.0
2023-08-25 19:19:00,8.465741,9.0,22.0,97.0
2023-08-25 19:20:00,8.546534,8.0,22.0,97.0
2023-08-25 19:21:00,8.474986,10.0,22.0,97.0
2023-08-25 19:22:00,8.500559,9.0,22.0,97.0
2023-08-25 19:23:00,8.491326,7.0,22.0,97.0
2023-08-25 19:24:00,8.44704,6.0,22.0,97.0
2023-08-25 19:25:00,8.409561,6.0,22.0,97.0
2023-08-25 19:26:00,8.324361,7.0,22.0,97.0
2023-08-25 19:27:00,8.215789,5.0,22.0,97.0
2023-08-25 19:28:00,8.123997,6.0,22.0,97.0
2023-08-25 19:29:00,8.054019,8.0,22.0,97.0
2023-08-25 19:30:00,7.900256,6.0,22.0,97.0
2023-08-25 19:31:00,7.681903,6.0,22.0,97.0
2023-08-25 19:32:00,7.622694,6.0,22.0,97.0
2023-08-25 19:33:00,7.518498,7.0,22.0,97.0
2023-08-25 19:34:00,7.440214,6.0,22.0,97.0
2023-08-25 19:35:00,7.399271,6.0,22.0,97.0
2023-08-25 19:36:00,7.303796,5.0,22.0,97.0
2023-08-25 19:37:00,7.259451,6.0,22.0,97.0
2023-08-25 19:39:00,7.188437,7.0,22.0,97.0
2023-08-25 19:40:00,7.14033,7.0,21.9,97.0
2023-08-25 19:42:00,7.221973,6.0,22.0,97.0
2023-08-25 19:43:00,7.245265,5.0,22.0,97.0
2023-08-25 19:44:00,7.271652,6.0,22.0,97.0
2023-08-25 19:45:00,7.232215,6.0,22.0,97.0
2023-08-25 19:46:00,7.209611,6.0,21.9,97.0
2023-08-25 19:47:00,7.195901,7.0,21.9,97.0
2023-08-25 19:48:00,7.209543,6.0,21.9,97.0
2023-08-25 19:49:00,7.265991,8.0,21.9,98.0
2023-08-25 19:50:00,7.324469,7.0,21.9,98.0
2023-08-25 19:51:00,7.337589,6.0,22.0,97.0
2023-08-25 19:52:00,7.348429,7.0,21.9,98.0
2023-08-25 19:53:00,7.331577,8.0,21.9,97.0
2023-08-25 19:54:00,7.341252,7.0,21.9,97.0
2023-08-25 19:55:00,7.314022,8.0,21.9,98.0
2023-08-25 19:56:00,7.412367,5.0,21.9,97.0
2023-08-25 19:57:00,7.421683,6.0,21.9,98.0
2023-08-25 19:58:00,7.41613,7.0,21.9,98.0
2023-08-25 19:59:00,7.453939,7.0,21.9,98.0
2023-08-25 20:00:00,7.448311,5.0,21.9,98.0
2023-08-25 20:01:00,7.461445,5.0,21.9,98.0
2023-08-25 20:02:00,7.485613,6.0,21.9,98.0
2023-08-25 20:03:00,7.541498,6.0,21.9,98.0
2023-08-25 20:04:00,7.604402,8.0,21.9,98.0
2023-08-25 20:05:00,7.628153,5.0,21.9,98.0
2023-08-25 20:06:00,7.657485,7.0,21.9,98.0
2023-08-25 20:08:00,7.675599,7.0,21.9,98.0
2023-08-25 20:09:00,7.748217,7.0,21.8,98.0
2023-08-25 20:11:00,7.665584,6.0,21.9,98.0
2023-08-25 20:13:00,7.63107,6.0,21.9,98.0
2023-08-25 20:14:00,7.591486,7.0,21.8,98.0
2023-08-25 20:15:00,7.57851,6.0,21.8,98.0
2023-08-25 20:16:00,7.572252,6.0,21.8,98.0
2023-08-25 20:17:00,7.459825,6.0,21.9,98.0
2023-08-25 20:18:00,7.377304,7.0,21.9,98.0
2023-08-25 20:19:00,7.362885,5.0,21.8,98.0
2023-08-25 20:20:00,7.275005,8.0,21.9,98.0
2023-08-25 20:21:00,7.178101,6.0,21.9,98.0
2023-08-25 20:22:00,7.160839,4.0,21.9,98.0
2023-08-25 20:23:00,7.192837,6.0,21.9,98.0
2023-08-25 20:24:00,7.151061,7.0,21.9,98.0
2023-08-25 20:26:00,7.014822,4.0,21.9,99.0
2023-08-25 20:27:00,6.95343,6.0,21.8,99.0
2023-08-25 20:28:00,6.986333,6.0,21.8,99.0
2023-08-25 20:29:00,7.015412,5.0,21.8,99.0
2023-08-25 20:30:00,6.998955,4.0,21.9,99.0
2023-08-25 20:31:00,7.030106,5.0,21.8,99.0
2023-08-25 20:32:00,7.014111,3.0,21.9,99.0
2023-08-25 20:33:00,6.991417,5.0,21.8,99.0
2023-08-25 20:34:00,6.947868,5.0,21.8,99.0
2023-08-25 20:35:00,6.886607,5.0,21.7,99.0
2023-08-25 20:36:00,6.890259,6.0,21.7,99.0
2023-08-25 20:37:00,6.903941,5.0,21.8,99.0
2023-08-25 20:38:00,6.88085,8.0,21.7,99.0
2023-08-25 20:39:00,6.806045,6.0,21.8,99.0
2023-08-25 20:40:00,6.765143,6.0,21.8,99.0
2023-08-25 20:41:00,6.789526,6.0,21.8,99.0
2023-08-25 20:42:00,6.788819,4.0,21.8,99.0
2023-08-25 20:43:00,6.803486,5.0,21.8,99.0
2023-08-25 20:44:00,6.860536,6.0,21.8,99.0
2023-08-25 20:45:00,6.909538,4.0,21.8,99.0
2023-08-25 20:46:00,6.898134,6.0,21.8,99.0
2023-08-25 20:47:00,6.933269,7.0,21.8,99.0
2023-08-25 20:48:00,6.912989,6.0,21.8,99.0
2023-08-25 20:49:00,6.882693,6.0,21.8,99.0
2023-08-25 20:50:00,6.962423,6.0,21.7,99.0
2023-08-25 20:51:00,7.088468,5.0,21.8,99.0
2023-08-25 20:52:00,7.130321,7.0,21.8,99.0
2023-08-25 20:53:00,7.106146,7.0,21.7,99.0
2023-08-25 20:54:00,7.113985,6.0,21.8,99.0
2023-08-25 20:55:00,7.156884,6.0,21.8,99.0
2023-08-25 20:56:00,7.154685,6.0,21.9,99.0
2023-08-25 20:57:00,7.167427,7.0,21.9,99.0
2023-08-25 20:58:00,7.161053,7.0,21.8,99.0
2023-08-25 20:59:00,7.171472,7.0,21.8,99.0
2023-08-25 21:00:00,7.30394,6.0,21.8,99.0
2023-08-25 21:01:00,7.262352,8.0,21.8,99.0
2023-08-25 21:02:00,7.229688,5.0,21.9,99.0
2023-08-25 21:03:00,7.317917,8.0,21.9,99.0
2023-08-25 21:04:00,7.418609,6.0,21.9,99.0
2023-08-25 21:05:00,7.470076,8.0,21.9,99.0
2023-08-25 21:06:00,7.534826,7.0,21.9,99.0
2023-08-25 21:07:00,7.516155,6.0,21.9,99.0
2023-08-25 21:09:00,7.641085,6.0,21.9,98.0
2023-08-25 21:10:00,7.72704,7.0,21.9,98.0
2023-08-25 21:11:00,7.796878,6.0,21.9,98.0
2023-08-25 21:12:00,7.820644,7.0,21.9,98.0
2023-08-25 21:13:00,7.926723,8.0,21.8,98.0
2023-08-25 21:14:00,7.917353,7.0,21.8,98.0
2023-08-25 21:15:00,7.837425,7.0,21.9,98.0
2023-08-25 21:16:00,7.831172,6.0,21.9,98.0
2023-08-25 21:17:00,7.850521,7.0,21.9,98.0
2023-08-25 21:19:00,7.877504,7.0,21.9,98.0
2023-08-25 21:20:00,7.894337,7.0,21.9,98.0
2023-08-25 21:21:00,7.837203,6.0,21.9,98.0
2023-08-25 21:22:00,7.820421,7.0,21.9,98.0
2023-08-25 21:23:00,7.785954,6.0,21.9,98.0
2023-08-25 21:25:00,7.802576,8.0,21.9,98.0
2023-08-25 21:26:00,7.885722,7.0,21.9,98.0
2023-08-25 21:27:00,7.904564,8.0,21.9,98.0
2023-08-25 21:28:00,7.982469,7.0,22.0,98.0
2023-08-25 21:29:00,8.075014,8.0,21.9,98.0
2023-08-25 21:30:00,8.148046,7.0,22.0,98.0
2023-08-25 21:32:00,8.233853,6.0,22.0,98.0
2023-08-25 21:33:00,8.307971,8.0,22.0,98.0
2023-08-25 21:34:00,8.35181,7.0,22.0,98.0
2023-08-25 21:35:00,8.378798,6.0,22.0,98.0
2023-08-25 21:36:00,8.339659,7.0,22.0,98.0
2023-08-25 21:37:00,8.266936,9.0,22.1,97.0
2023-08-25 21:38:00,8.302144,6.0,22.1,97.0
2023-08-25 21:39:00,8.39052,6.0,22.1,97.0
2023-08-25 21:40:00,8.445576,8.0,22.1,97.0
2023-08-25 21:41:00,8.400672,8.0,22.0,97.0
2023-08-25 21:42:00,8.535579,8.0,22.0,97.0
2023-08-25 21:43:00,8.573485,7.0,22.0,98.0
2023-08-25 21:44:00,8.576163,6.0,22.1,97.0
2023-08-25 21:45:00,8.614596,9.0,22.1,97.0
2023-08-25 21:46:00,8.710095,8.0,22.0,97.0
2023-08-25 21:47:00,8.880198,7.0,22.1,97.0
2023-08-25 21:48:00,8.972068,8.0,22.0,97.0
2023-08-25 21:49:00,9.041189,8.0,22.0,98.0
2023-08-25 21:51:00,8.978742,6.0,22.1,97.0
2023-08-25 21:52:00,8.967889,6.0,22.0,97.0
2023-08-25 21:53:00,8.922939,7.0,22.0,97.0
2023-08-25 21:55:00,8.851471,6.0,22.0,97.0
2023-08-25 21:56:00,8.828599,8.0,22.0,97.0
2023-08-25 21:57:00,8.794652,8.0,22.0,97.0
2023-08-25 21:58:00,8.695271,6.0,22.0,97.0
2023-08-25 21:59:00,8.644791,6.0,22.1,97.0
2023-08-25 22:00:00,8.488494,7.0,22.0,97.0
2023-08-25 22:01:00,8.352263,5.0,22.0,97.0
2023-08-25 22:02:00,8.200789,7.0,22.0,97.0
2023-08-25 22:03:00,8.088474,6.0,22.0,97.0
2023-08-25 22:04:00,7.926811,6.0,22.0,97.0
2023-08-25 22:05:00,7.832176,7.0,22.0,97.0
2023-08-25 22:06:00,7.730167,6.0,22.0,97.0
2023-08-25 22:07:00,7.567579,5.0,22.1,97.0
2023-08-25 22:08:00,7.37627,6.0,22.0,97.0
2023-08-25 22:09:00,7.290628,6.0,22.0,97.0
2023-08-25 22:10:00,7.172947,6.0,22.0,97.0
2023-08-25 22:11:00,7.126279,6.0,22.1,97.0
2023-08-25 22:12:00,7.188726,7.0,22.0,97.0
2023-08-25 22:13:00,7.316864,6.0,22.0,97.0
2023-08-25 22:14:00,7.419506,6.0,22.0,97.0
2023-08-25 22:15:00,7.457796,8.0,22.0,97.0
2023-08-25 22:16:00,7.499784,6.0,22.0,97.0
2023-08-25 22:17:00,7.515047,6.0,22.0,97.0
2023-08-25 22:18:00,7.523327,7.0,22.0,97.0
2023-08-25 22:19:00,7.553406,6.0,22.0,97.0
2023-08-25 22:20:00,7.601991,6.0,22.1,97.0
2023-08-25 22:21:00,7.660221,8.0,22.0,97.0
2023-08-25 22:22:00,7.726805,6.0,22.0,97.0
2023-08-25 22:23:00,7.757893,8.0,22.0,97.0
2023-08-25 22:24:00,7.700161,6.0,22.0,97.0
2023-08-25 22:25:00,7.664385,5.0,22.0,97.0
2023-08-25 22:26:00,7.661042,6.0,22.0,97.0
2023-08-25 22:27:00,7.594727,8.0,22.0,97.0
2023-08-25 22:28:00,7.546513,6.0,22.0,97.0
2023-08-25 22:29:00,7.606514,7.0,22.0,98.0
2023-08-25 22:30:00,7.658499,6.0,22.0,97.0
2023-08-25 22:31:00,7.674337,5.0,22.0,97.0
2023-08-25 22:32:00,7.598392,6.0,22.0,97.0
2023-08-25 22:33:00,7.536653,7.0,22.0,97.0
2023-08-25 22:34:00,7.531864,8.0,22.0,97.0
2023-08-25 22:35:00,7.557156,6.0,22.0,97.0
2023-08-25 22:36:00,7.462792,6.0,22.0,97.0
2023-08-25 22:37:00,7.451356,6.0,22.0,97.0
2023-08-25 22:38:00,7.491913,7.0,22.1,97.0
2023-08-25 22:39:00,7.495471,6.0,22.1,97.0
2023-08-25 22:40:00,7.492723,6.0,22.1,97.0
2023-08-25 22:41:00,7.531585,7.0,22.1,97.0
2023-08-25 22:42:00,7.621442,9.0,22.1,97.0
2023-08-25 22:43:00,7.76914,9.0,22.0,97.0
2023-08-25 22:44:00,7.939607,10.0,22.0,97.0
2023-08-25 22:45:00,8.104562,11.0,22.0,97.0
2023-08-25 22:46:00,8.236549,12.0,22.0,98.0
2023-08-25 22:47:00,8.413751,12.0,22.0,97.0
2023-08-25 22:48:00,8.693647,15.0,22.0,97.0
2023-08-25 22:49:00,9.075356,11.0,22.0,97.0
2023-08-25 22:50:00,9.391881,13.0,22.0,97.0
2023-08-25 22:51:00,9.629783,12.0,22.0,98.0
2023-08-25 22:52:00,9.975876,14.0,22.0,98.0
2023-08-25 22:53:00,10.27542,12.0,22.0,98.0
2023-08-25 22:54:00,10.42763,12.0,22.0,98.0
2023-08-25 22:55:00,10.50419,10.0,22.0,98.0
2023-08-25 22:56:00,10.50286,7.0,22.0,98.0
2023-08-25 22:57:00,10.48785,8.0,22.0,98.0
2023-08-25 22:58:00,10.4339,8.0,22.0,98.0
2023-08-25 22:59:00,10.39606,9.0,22.0,98.0
2023-08-25 23:00:00,10.2602,10.0,21.9,98.0
2023-08-25 23:01:00,10.02728,9.0,21.9,98.0
2023-08-25 23:02:00,9.871597,9.0,22.0,98.0
2023-08-25 23:03:00,9.636538,9.0,22.0,98.0
2023-08-25 23:04:00,9.431836,10.0,21.9,98.0
2023-08-25 23:05:00,9.298995,8.0,21.9,98.0
2023-08-25 23:06:00,9.288005,11.0,21.9,98.0
2023-08-25 23:07:00,9.404187,11.0,21.9,98.0
2023-08-25 23:08:00,9.571013,10.0,21.9,99.0
2023-08-25 23:09:00,9.591506,9.0,22.0,99.0
2023-08-25 23:10:00,9.630452,10.0,22.0,99.0
2023-08-25 23:11:00,9.725831,10.0,22.0,99.0
2023-08-25 23:12:00,9.818994,11.0,21.9,99.0
2023-08-25 23:13:00,9.955911,9.0,21.9,99.0
2023-08-25 23:14:00,10.05387,11.0,21.9,99.0
2023-08-25 23:15:00,10.16894,9.0,21.9,99.0
2023-08-25 23:16:00,10.22769,10.0,21.9,99.0
2023-08-25 23:17:00,10.29328,9.0,22.0,99.0
2023-08-25 23:18:00,10.19863,11.0,21.9,99.0
2023-08-25 23:19:00,10.1589,9.0,21.9,99.0
2023-08-25 23:20:00,10.13589,9.0,21.9,99.0
2023-08-25 23:21:00,10.18829,9.0,22.0,99.0
2023-08-25 23:22:00,10.19479,11.0,21.9,99.0
2023-08-25 23:23:00,10.07723,10.0,21.9,99.0
2023-08-25 23:24:00,9.967278,10.0,21.9,99.0
2023-08-25 23:25:00,9.971551,9.0,21.9,99.0
2023-08-25 23:26:00,10.01219,9.0,21.9,99.0
2023-08-25 23:27:00,10.03129,10.0,21.9,99.0
2023-08-25 23:28:00,9.961415,11.0,21.9,99.0
2023-08-25 23:29:00,9.942809,9.0,21.9,99.0
2023-08-25 23:30:00,9.907015,9.0,21.9,99.0
2023-08-25 23:31:00,9.947596,11.0,21.9,99.0
2023-08-25 23:32:00,9.95556,12.0,21.9,99.0
2023-08-25 23:33:00,10.1067,12.0,21.9,99.0
2023-08-25 23:34:00,10.25199,12.0,21.9,100.0
2023-08-25 23:35:00,10.47102,11.0,21.9,100.0
2023-08-25 23:36:00,10.65853,12.0,21.9,100.0
2023-08-25 23:37:00,10.71023,14.0,21.8,100.0
2023-08-25 23:38:00,10.83079,15.0,21.9,100.0
2023-08-25 23:39:00,11.15766,12.0,21.9,100.0
2023-08-25 23:40:00,11.45087,14.0,21.9,100.0
2023-08-25 23:41:00,11.73485,16.0,21.9,100.0
2023-08-25 23:42:00,11.9805,17.0,21.8,100.0
2023-08-25 23:43:00,12.25472,17.0,21.9,100.0
2023-08-25 23:44:00,12.5511,19.0,21.8,100.0
2023-08-25 23:45:00,12.91786,18.0,21.8,100.0
2023-08-25 23:47:00,13.39967,20.0,21.8,100.0
2023-08-25 23:48:00,13.63598,17.0,21.8,100.0
2023-08-25 23:49:00,13.95455,16.0,21.8,100.0
2023-08-25 23:50:00,14.06769,15.0,21.8,100.0
2023-08-25 23:51:00,14.13935,17.0,21.9,100.0
2023-08-25 23:52:00,14.16705,14.0,21.8,100.0
2023-08-25 23:53:00,14.1286,11.0,21.9,99.0
2023-08-25 23:54:00,14.14277,11.0,21.9,99.0
2023-08-25 23:55:00,13.79832,12.0,21.9,99.0
2023-08-25 23:56:00,13.43882,14.0,21.8,99.0
2023-08-25 23:57:00,13.13733,12.0,21.8,99.0
2023-08-25 23:58:00,12.82175,10.0,21.8,99.0
2023-08-25 23:59:00,12.53611,11.0,21.8,99.0
2023-08-26 00:00:00,12.14069,11.0,21.8,99.0
2023-08-26 00:01:00,11.82993,11.0,21.8,99.0
2023-08-26 00:02:00,11.59787,13.0,21.8,99.0
2023-08-26 00:03:00,11.37309,11.0,21.8,99.0
2023-08-26 00:04:00,11.18151,12.0,21.8,99.0
2023-08-26 00:05:00,10.92183,9.0,21.8,99.0
2023-08-26 00:06:00,10.67287,10.0,21.8,99.0
2023-08-26 00:07:00,10.41845,8.0,21.8,99.0
2023-08-26 00:08:00,10.23148,8.0,21.8,99.0
2023-08-26 00:09:00,10.07812,8.0,21.8,99.0
2023-08-26 00:10:00,9.865394,8.0,21.8,99.0
2023-08-26 00:11:00,9.73742,9.0,21.8,99.0
2023-08-26 00:12:00,9.590854,8.0,21.8,99.0
2023-08-26 00:13:00,9.416389,10.0,21.8,100.0
2023-08-26 00:14:00,9.183178,9.0,21.8,99.0
2023-08-26 00:15:00,8.982157,7.0,21.8,100.0
2023-08-26 00:16:00,8.769934,8.0,21.8,100.0
2023-08-26 00:17:00,8.666629,8.0,21.9,99.0
2023-08-26 00:18:00,8.635407,9.0,21.8,99.0
2023-08-26 00:19:00,8.520196,7.0,21.8,100.0
2023-08-26 00:20:00,8.50659,8.0,21.8,100.0
2023-08-26 00:21:00,8.372319,7.0,21.8,100.0
2023-08-26 00:22:00,8.229622,8.0,21.8,100.0
2023-08-26 00:23:00,8.118567,7.0,21.8,100.0
2023-08-26 00:24:00,7.963707,6.0,21.7,100.0
2023-08-26 00:25:00,7.916065,6.0,21.8,100.0
2023-08-26 00:26:00,7.859888,6.0,21.8,100.0
2023-08-26 00:27:00,7.761471,7.0,21.8,100.0
2023-08-26 00:28:00,7.723139,6.0,21.8,100.0
2023-08-26 00:29:00,7.682047,7.0,21.7,100.0
2023-08-26 00:30:00,7.588512,7.0,21.7,100.0
2023-08-26 00:31:00,7.539961,5.0,21.7,100.0
2023-08-26 00:32:00,7.507995,5.0,21.8,100.0
2023-08-26 00:33:00,7.475247,7.0,21.8,100.0
2023-08-26 00:34:00,7.511054,8.0,21.8,100.0
2023-08-26 00:35:00,7.551416,8.0,21.7,100.0
2023-08-26 00:36:00,7.459911,8.0,21.7,100.0
2023-08-26 00:37:00,7.440163,7.0,21.7,100.0
2023-08-26 00:38:00,7.410838,8.0,21.7,100.0
2023-08-26 00:39:00,7.408271,8.0,21.7,100.0
2023-08-26 00:40:00,7.401365,7.0,21.7,100.0
2023-08-26 00:41:00,7.451494,7.0,21.7,100.0
2023-08-26 00:42:00,7.563347,7.0,21.7,100.0
2023-08-26 00:43:00,7.552889,7.0,21.7,100.0
2023-08-26 00:44:00,7.64957,8.0,21.6,100.0
2023-08-26 00:45:00,7.66886,9.0,21.6,100.0
2023-08-26 00:46:00,7.747674,6.0,21.6,100.0
2023-08-26 00:47:00,7.856621,8.0,21.6,100.0
2023-08-26 00:48:00,7.950979,7.0,21.6,100.0
2023-08-26 00:49:00,7.994318,6.0,21.6,100.0
2023-08-26 00:50:00,8.073075,6.0,21.6,100.0
2023-08-26 00:51:00,8.073907,5.0,21.7,100.0
2023-08-26 00:52:00,8.118581,6.0,21.6,100.0
2023-08-26 00:54:00,8.099603,8.0,21.6,100.0
2023-08-26 00:55:00,7.981247,6.0,21.6,100.0
2023-08-26 00:56:00,7.999596,5.0,21.5,100.0
2023-08-26 00:57:00,7.865595,6.0,21.5,100.0
2023-08-26 00:58:00,7.806584,8.0,21.5,99.56
2023-08-26 00:59:00,7.739677,8.0,21.5,99.81
2023-08-26 01:00:00,7.719892,6.0,21.5,99.75
2023-08-26 01:01:00,7.655947,6.0,21.6,99.13
2023-08-26 01:02:00,7.587551,7.0,21.5,100.0
2023-08-26 01:03:00,7.510252,5.0,21.5,100.0
2023-08-26 01:04:00,7.403779,6.0,21.5,100.0
2023-08-26 01:05:00,7.280838,5.0,21.5,100.0
2023-08-26 01:06:00,7.291212,6.0,21.5,100.0
2023-08-26 01:07:00,7.189676,6.0,21.5,100.0
2023-08-26 01:08:00,7.12765,6.0,21.5,100.0
2023-08-26 01:09:00,7.040129,6.0,21.5,100.0
2023-08-26 01:10:00,6.941556,5.0,21.6,100.0
2023-08-26 01:11:00,6.792025,6.0,21.5,100.0
2023-08-26 01:12:00,6.762991,6.0,21.5,100.0
2023-08-26 01:13:00,6.709731,6.0,21.5,100.0
2023-08-26 01:14:00,6.650606,6.0,21.5,100.0
2023-08-26 01:15:00,6.603787,6.0,21.5,100.0
2023-08-26 01:16:00,6.617753,5.0,21.6,100.0
2023-08-26 01:17:00,6.597203,8.0,21.6,100.0
2023-08-26 01:18:00,6.639557,7.0,21.5,100.0
2023-08-26 01:19:00,6.666917,6.0,21.5,100.0
2023-08-26 01:20:00,6.736486,7.0,21.5,100.0
2023-08-26 01:21:00,6.77943,6.0,21.5,100.0
2023-08-26 01:22:00,6.826537,6.0,21.5,100.0
2023-08-26 01:23:00,6.916658,5.0,21.5,100.0
2023-08-26 01:24:00,6.899734,6.0,21.5,100.0
2023-08-26 01:25:00,6.942864,5.0,21.5,100.0
2023-08-26 01:26:00,6.974068,7.0,21.5,100.0
2023-08-26 01:27:00,6.987015,6.0,21.5,100.0
2023-08-26 01:28:00,6.967453,7.0,21.5,100.0
2023-08-26 01:29:00,6.971094,6.0,21.5,100.0
2023-08-26 01:30:00,6.97991,7.0,21.5,100.0
2023-08-26 01:31:00,6.926693,8.0,21.5,100.0
2023-08-26 01:32:00,6.97609,7.0,21.5,100.0
2023-08-26 01:33:00,6.974363,6.0,21.5,100.0
2023-08-26 01:34:00,6.976023,5.0,21.5,100.0
2023-08-26 01:36:00,7.015449,7.0,21.5,100.0
2023-08-26 01:37:00,7.083958,6.0,21.6,100.0
2023-08-26 01:38:00,7.091713,6.0,21.5,100.0
2023-08-26 01:39:00,7.192817,6.0,21.6,100.0
2023-08-26 01:40:00,7.239774,7.0,21.6,100.0
2023-08-26 01:41:00,7.30511,6.0,21.6,100.0
2023-08-26 01:42:00,7.379304,7.0,21.6,100.0
2023-08-26 01:43:00,7.458502,8.0,21.6,100.0
2023-08-26 01:44:00,7.527884,7.0,21.6,100.0
2023-08-26 01:45:00,7.656032,8.0,21.6,100.0
2023-08-26 01:46:00,7.751551,9.0,21.6,100.0
2023-08-26 01:47:00,7.903452,8.0,21.5,100.0
2023-08-26 01:48:00,8.001578,6.0,21.6,100.0
2023-08-26 01:49:00,8.162484,9.0,21.6,100.0
2023-08-26 01:50:00,8.24904,9.0,21.6,100.0
2023-08-26 01:51:00,8.395755,7.0,21.6,100.0
2023-08-26 01:52:00,8.546371,9.0,21.6,100.0
2023-08-26 01:53:00,8.724713,9.0,21.6,100.0
2023-08-26 01:54:00,8.801274,9.0,21.5,100.0
2023-08-26 01:55:00,8.873845,9.0,21.6,100.0
2023-08-26 01:56:00,9.049626,8.0,21.5,100.0
2023-08-26 01:57:00,9.138598,10.0,21.5,100.0
2023-08-26 01:58:00,9.308288,10.0,21.6,100.0
2023-08-26 01:59:00,9.369478,11.0,21.6,100.0
2023-08-26 02:00:00,9.511443,9.0,21.6,100.0
2023-08-26 02:01:00,9.647809,9.0,21.6,100.0
2023-08-26 02:02:00,9.791106,8.0,21.7,100.0
2023-08-26 02:03:00,9.823295,10.0,21.6,100.0
2023-08-26 02:04:00,9.904859,11.0,21.5,100.0
2023-08-26 02:05:00,9.932242,11.0,21.5,100.0
2023-08-26 02:06:00,9.982388,11.0,21.5,100.0
2023-08-26 02:07:00,9.909116,9.0,21.6,100.0
2023-08-26 02:08:00,9.88226,8.0,21.6,100.0
2023-08-26 02:09:00,9.692879,7.0,21.6,100.0
2023-08-26 02:10:00,9.574739,7.0,21.6,100.0
2023-08-26 02:11:00,9.51072,7.0,21.5,100.0
2023-08-26 02:12:00,9.342289,6.0,21.5,100.0
2023-08-26 02:13:00,9.117034,7.0,21.5,100.0
2023-08-26 02:14:00,8.890117,7.0,21.5,100.0
2023-08-26 02:15:00,8.649492,6.0,21.5,100.0
2023-08-26 02:16:00,8.488805,6.0,21.5,100.0
2023-08-26 02:17:00,8.236069,6.0,21.5,100.0
2023-08-26 02:18:00,8.084023,6.0,21.5,100.0
2023-08-26 02:19:00,7.986506,7.0,21.5,100.0
2023-08-26 02:20:00,7.959131,6.0,21.5,100.0
2023-08-26 02:21:00,7.902268,8.0,21.5,100.0
2023-08-26 02:22:00,7.733469,6.0,21.5,100.0
2023-08-26 02:23:00,7.641396,6.0,21.5,100.0
2023-08-26 02:24:00,7.563112,8.0,21.5,100.0
2023-08-26 02:25:00,7.499282,6.0,21.5,100.0
2023-08-26 02:26:00,7.493174,7.0,21.5,100.0
2023-08-26 02:27:00,7.475345,7.0,21.5,100.0
2023-08-26 02:28:00,7.434155,7.0,21.5,100.0
2023-08-26 02:29:00,7.394884,6.0,21.5,100.0
2023-08-26 02:30:00,7.321752,4.0,21.5,100.0
2023-08-26 02:31:00,7.230827,7.0,21.5,100.0
2023-08-26 02:32:00,7.147911,4.0,21.5,100.0
2023-08-26 02:33:00,7.11941,6.0,21.6,100.0
2023-08-26 02:34:00,7.025132,6.0,21.5,100.0
2023-08-26 02:35:00,6.94234,6.0,21.5,100.0
2023-08-26 02:36:00,6.905304,6.0,21.5,100.0
2023-08-26 02:37:00,6.841911,5.0,21.4,100.0
2023-08-26 02:38:00,6.755455,8.0,21.4,100.0
2023-08-26 02:39:00,6.672234,5.0,21.4,100.0
2023-08-26 02:40:00,6.622466,6.0,21.4,100.0
2023-08-26 02:41:00,6.620945,6.0,21.4,100.0
2023-08-26 02:42:00,6.661667,7.0,21.4,100.0
2023-08-26 02:43:00,6.631704,6.0,21.4,100.0
2023-08-26 02:44:00,6.625894,6.0,21.4,100.0
2023-08-26 02:45:00,6.587633,5.0,21.4,100.0
2023-08-26 02:46:00,6.601255,5.0,21.4,100.0
2023-08-26 02:47:00,6.557956,6.0,21.4,100.0
2023-08-26 02:48:00,6.514143,5.0,21.4,100.0
2023-08-26 02:49:00,6.529053,6.0,21.4,100.0
2023-08-26 02:50:00,6.625555,7.0,21.4,100.0
2023-08-26 02:51:00,6.701492,7.0,21.4,100.0
2023-08-26 02:52:00,6.667671,6.0,21.3,100.0
2023-08-26 02:53:00,6.607202,5.0,21.4,100.0
2023-08-26 02:54:00,6.56502,4.0,21.4,100.0
2023-08-26 02:55:00,6.537583,5.0,21.5,100.0
2023-08-26 02:56:00,6.490021,6.0,21.5,100.0
2023-08-26 02:57:00,6.497464,6.0,21.5,100.0
2023-08-26 02:58:00,6.493546,5.0,21.5,100.0
2023-08-26 02:59:00,6.495872,5.0,21.5,100.0
2023-08-26 03:00:00,6.407469,6.0,21.5,100.0
2023-08-26 03:01:00,6.321389,7.0,21.4,100.0
2023-08-26 03:02:00,6.190248,5.0,21.5,100.0
2023-08-26 03:03:00,6.105022,4.0,21.5,100.0
2023-08-26 03:04:00,6.033962,5.0,21.6,100.0
2023-08-26 03:05:00,6.024205,4.0,21.5,100.0
2023-08-26 03:06:00,5.962183,5.0,21.5,100.0
2023-08-26 03:07:00,5.935374,0.0,21.5,100.0
2023-08-26 03:08:00,5.849891,4.0,21.6,100.0
2023-08-26 03:09:00,5.792252,5.0,21.6,100.0
2023-08-26 03:10:00,5.749886,5.0,21.6,100.0
2023-08-26 03:11:00,5.783138,3.0,21.6,100.0
2023-08-26 03:12:00,5.751798,4.0,21.6,100.0
2023-08-26 03:13:00,5.651892,5.0,21.6,100.0
2023-08-26 03:14:00,5.611052,3.0,21.6,100.0
2023-08-26 03:15:00,5.664116,5.0,21.6,100.0
2023-08-26 03:16:00,5.616581,3.0,21.6,100.0
2023-08-26 03:17:00,5.574463,5.0,21.5,100.0
2023-08-26 03:18:00,5.630009,3.0,21.6,100.0
2023-08-26 03:19:00,5.60774,3.0,21.6,100.0
2023-08-26 03:20:00,5.708532,5.0,21.6,100.0
2023-08-26 03:21:00,5.699547,5.0,21.6,100.0
2023-08-26 03:22:00,5.648264,4.0,21.5,100.0
2023-08-26 03:23:00,5.626689,4.0,21.6,100.0
2023-08-26 03:25:00,5.60664,4.0,21.6,100.0
2023-08-26 03:26:00,5.604744,5.0,21.6,100.0
2023-08-26 03:27:00,5.581684,4.0,21.5,100.0
2023-08-26 03:28:00,5.656629,6.0,21.6,100.0
2023-08-26 03:29:00,5.5969,5.0,21.5,100.0
2023-08-26 03:30:00,5.530277,5.0,21.6,100.0
2023-08-26 03:31:00,5.482483,5.0,21.6,100.0
2023-08-26 03:32:00,5.47965,4.0,21.7,100.0
2023-08-26 03:33:00,5.505778,6.0,21.6,100.0
2023-08-26 03:34:00,5.514076,6.0,21.6,100.0
2023-08-26 03:35:00,5.573425,6.0,21.6,100.0
2023-08-26 03:36:00,5.671579,5.0,21.6,100.0
2023-08-26 03:37:00,5.745302,6.0,21.5,100.0
2023-08-26 03:38:00,5.775581,5.0,21.6,100.0
2023-08-26 03:39:00,5.791291,8.0,21.6,100.0
2023-08-26 03:40:00,5.893571,7.0,21.6,100.0
2023-08-26 03:41:00,6.062734,6.0,21.6,100.0
2023-08-26 03:42:00,6.270472,8.0,21.6,100.0
2023-08-26 03:43:00,6.456405,8.0,21.6,100.0
2023-08-26 03:44:00,6.605166,9.0,21.6,100.0
2023-08-26 03:45:00,6.774593,7.0,21.6,100.0
2023-08-26 03:46:00,6.918662,8.0,21.6,100.0
2023-08-26 03:47:00,7.045828,8.0,21.6,100.0
2023-08-26 03:48:00,7.16109,7.0,21.6,100.0
2023-08-26 03:49:00,7.264772,7.0,21.6,100.0
2023-08-26 03:50:00,7.342785,7.0,21.7,100.0
2023-08-26 03:51:00,7.353188,7.0,21.6,100.0
2023-08-26 03:52:00,7.386845,6.0,21.6,100.0
2023-08-26 03:53:00,7.318005,6.0,21.7,100.0
2023-08-26 03:54:00,7.21601,6.0,21.7,100.0
2023-08-26 03:55:00,7.149977,5.0,21.7,100.0
2023-08-26 03:56:00,7.046238,8.0,21.7,100.0
2023-08-26 03:57:00,7.00322,5.0,21.7,100.0
2023-08-26 03:58:00,6.952588,7.0,21.7,100.0
2023-08-26 03:59:00,6.888678,5.0,21.7,100.0
2023-08-26 04:00:00,6.852757,7.0,21.7,100.0
2023-08-26 04:01:00,6.830715,6.0,21.7,100.0
2023-08-26 04:02:00,6.870863,6.0,21.7,100.0
2023-08-26 04:03:00,6.809441,7.0,21.7,100.0
2023-08-26 04:04:00,6.853886,6.0,21.7,100.0
2023-08-26 04:05:00,6.894524,5.0,21.7,100.0
2023-08-26 04:06:00,6.893637,6.0,21.7,100.0
2023-08-26 04:07:00,6.94349,6.0,21.6,100.0
2023-08-26 04:08:00,6.948327,7.0,21.6,100.0
2023-08-26 04:09:00,6.969076,6.0,21.6,100.0
2023-08-26 04:10:00,6.997954,7.0,21.6,100.0
2023-08-26 04:11:00,7.035841,6.0,21.6,100.0
2023-08-26 04:12:00,7.03804,6.0,21.6,100.0
2023-08-26 04:13:00,7.035264,6.0,21.6,100.0
2023-08-26 04:14:00,7.050032,7.0,21.6,100.0
2023-08-26 04:15:00,7.132341,7.0,21.6,100.0
2023-08-26 04:16:00,7.128019,6.0,21.6,100.0
2023-08-26 04:17:00,7.117375,6.0,21.6,100.0
2023-08-26 04:18:00,7.159335,6.0,21.6,100.0
2023-08-26 04:19:00,7.227475,7.0,21.6,100.0
2023-08-26 04:20:00,7.212564,6.0,21.6,100.0
2023-08-26 04:21:00,7.189608,8.0,21.6,100.0
2023-08-26 04:22:00,7.217595,8.0,21.6,100.0
2023-08-26 04:23:00,7.234882,7.0,21.6,100.0
2023-08-26 04:24:00,7.259951,8.0,21.6,100.0
2023-08-26 04:25:00,7.349388,8.0,21.6,100.0
2023-08-26 04:26:00,7.300568,8.0,21.6,100.0
2023-08-26 04:27:00,7.363013,6.0,21.6,100.0
2023-08-26 04:28:00,7.434426,7.0,21.6,100.0
2023-08-26 04:29:00,7.386314,8.0,21.7,100.0
2023-08-26 04:30:00,7.380858,8.0,21.6,100.0
2023-08-26 04:31:00,7.400454,7.0,21.7,100.0
2023-08-26 04:32:00,7.472176,8.0,21.7,100.0
2023-08-26 04:33:00,7.535035,7.0,21.7,100.0
2023-08-26 04:34:00,7.558271,8.0,21.7,100.0
2023-08-26 04:35:00,7.596146,7.0,21.7,100.0
2023-08-26 04:36:00,7.611412,9.0,21.7,100.0
2023-08-26 04:37:00,7.634402,8.0,21.7,100.0
2023-08-26 04:38:00,7.675424,9.0,21.7,100.0
2023-08-26 04:39:00,7.732434,9.0,21.7,100.0
2023-08-26 04:41:00,7.843351,6.0,21.8,100.0
2023-08-26 04:42:00,7.88058,6.0,21.8,100.0
2023-08-26 04:43:00,7.951725,7.0,21.7,100.0
2023-08-26 04:44:00,8.000718,8.0,21.8,100.0
2023-08-26 04:45:00,8.022481,7.0,21.8,100.0
2023-08-26 04:46:00,8.086041,8.0,21.8,100.0
2023-08-26 04:47:00,8.044117,7.0,21.8,100.0
2023-08-26 04:48:00,8.140702,7.0,21.7,100.0
2023-08-26 04:49:00,8.098348,10.0,21.7,100.0
2023-08-26 04:50:00,8.043935,7.0,21.7,100.0
2023-08-26 04:51:00,8.046477,6.0,21.7,100.0
2023-08-26 04:52:00,7.965798,8.0,21.7,100.0
2023-08-26 04:53:00,7.875776,8.0,21.7,100.0
2023-08-26 04:54:00,7.828145,7.0,21.8,100.0
2023-08-26 04:55:00,7.715395,6.0,21.8,100.0
2023-08-26 04:56:00,7.722199,8.0,21.7,100.0
2023-08-26 04:57:00,7.744865,7.0,21.7,100.0
2023-08-26 04:58:00,7.697418,8.0,21.7,100.0
2023-08-26 04:59:00,7.655928,7.0,21.7,100.0
2023-08-26 05:00:00,7.714255,8.0,21.7,100.0
2023-08-26 05:01:00,7.75736,9.0,21.7,100.0
2023-08-26 05:02:00,7.795726,8.0,21.7,100.0
2023-08-26 05:03:00,7.997789,9.0,21.6,100.0
2023-08-26 05:04:00,8.211454,13.0,21.6,100.0
2023-08-26 05:05:00,8.419732,11.0,21.6,100.0
2023-08-26 05:06:00,8.66275,12.0,21.6,100.0
2023-08-26 05:07:00,8.831739,13.0,21.5,100.0
2023-08-26 05:08:00,9.106525,16.0,21.5,100.0
2023-08-26 05:09:00,9.311116,13.0,21.5,99.81
2023-08-26 05:10:00,9.677743,16.0,21.5,99.75
2023-08-26 05:11:00,10.03969,15.0,21.4,99.68
2023-08-26 05:12:00,10.32488,16.0,21.5,99.67
2023-08-26 05:13:00,10.61654,15.0,21.4,99.68
2023-08-26 05:14:00,10.95525,15.0,21.4,99.14
2023-08-26 05:15:00,11.21101,16.0,21.4,99.52
2023-08-26 05:16:00,11.48603,15.0,21.4,99.27
2023-08-26 05:17:00,11.64289,15.0,21.4,99.67
2023-08-26 05:18:00,11.7576,16.0,21.4,99.54
2023-08-26 05:19:00,11.88883,15.0,21.4,99.38
2023-08-26 05:20:00,11.96667,15.0,21.4,99.24
2023-08-26 05:21:00,11.97128,15.0,21.4,99.36
2023-08-26 05:22:00,11.92693,14.0,21.5,99.39
2023-08-26 05:23:00,11.92583,14.0,21.5,99.85
2023-08-26 05:24:00,11.93393,15.0,21.4,99.6
2023-08-26 05:25:00,11.90147,15.0,21.4,99.54
2023-08-26 05:26:00,11.83325,15.0,21.4,99.57
2023-08-26 05:27:00,11.78517,15.0,21.4,99.67
2023-08-26 05:28:00,11.77678,17.0,21.4,99.36
2023-08-26 05:29:00,11.81841,15.0,21.4,99.14
2023-08-26 05:30:00,11.87904,16.0,21.4,99.2
2023-08-26 05:31:00,11.91475,17.0,21.4,99.44
2023-08-26 05:32:00,12.03028,20.0,21.4,99.83
2023-08-26 05:33:00,12.08086,17.0,21.4,99.85
2023-08-26 05:34:00,12.31901,18.0,21.5,99.14
2023-08-26 05:35:00,12.46615,20.0,21.4,99.28
2023-08-26 05:36:00,12.70738,19.0,21.4,99.58
2023-08-26 05:37:00,12.88087,18.0,21.4,99.51
2023-08-26 05:38:00,13.07701,18.0,21.5,99.23
2023-08-26 05:39:00,13.25883,15.0,21.5,99.27
2023-08-26 05:40:00,13.4151,14.0,21.5,99.29
2023-08-26 05:41:00,13.42021,14.0,21.6,99.41
2023-08-26 05:42:00,13.38962,15.0,21.5,99.18
2023-08-26 05:43:00,13.35743,16.0,21.5,99.15
2023-08-26 05:44:00,13.32526,13.0,21.5,99.12
2023-08-26 05:45:00,13.12974,14.0,21.5,99.2
2023-08-26 05:46:00,13.00252,14.0,21.5,99.35
2023-08-26 05:47:00,12.75904,14.0,21.5,99.66
2023-08-26 05:48:00,12.60163,13.0,21.5,99.51
2023-08-26 05:49:00,12.31582,13.0,21.5,99.45
2023-08-26 05:50:00,12.0669,12.0,21.5,99.14
2023-08-26 05:51:00,11.78975,12.0,21.5,99.33
2023-08-26 05:52:00,11.63164,12.0,21.5,99.71
2023-08-26 05:53:00,11.469,12.0,21.5,99.61
2023-08-26 05:54:00,11.27294,12.0,21.5,99.2
2023-08-26 05:55:00,11.15343,12.0,21.5,99.16
2023-08-26 05:56:00,11.04649,12.0,21.5,99.84
2023-08-26 05:57:00,10.91874,9.0,21.6,99.41
2023-08-26 05:58:00,10.78921,12.0,21.6,100.0
2023-08-26 05:59:00,10.682,12.0,21.6,100.0
2023-08-26 06:00:00,10.53534,10.0,21.5,100.0
2023-08-26 06:01:00,10.47676,12.0,21.5,100.0
2023-08-26 06:02:00,10.36581,12.0,21.6,100.0
2023-08-26 06:03:00,10.2816,12.0,21.6,100.0
2023-08-26 06:04:00,10.28417,12.0,21.6,100.0
2023-08-26 06:05:00,10.23433,11.0,21.6,100.0
2023-08-26 06:06:00,10.25858,14.0,21.6,99.51
2023-08-26 06:07:00,10.25647,12.0,21.6,99.87
2023-08-26 06:08:00,10.27765,12.0,21.6,99.6
2023-08-26 06:09:00,10.29851,13.0,21.6,99.64
2023-08-26 06:10:00,10.35051,15.0,21.6,99.23
2023-08-26 06:11:00,10.4314,14.0,21.6,99.52
2023-08-26 06:12:00,10.54028,13.0,21.6,99.31
2023-08-26 06:13:00,10.7586,13.0,21.6,99.13
2023-08-26 06:14:00,10.94833,16.0,21.6,99.82
2023-08-26 06:15:00,11.03287,17.0,21.6,99.46
2023-08-26 06:16:00,11.23731,16.0,21.6,99.55
2023-08-26 06:17:00,11.39447,16.0,21.6,99.45
2023-08-26 06:18:00,11.54127,15.0,21.6,99.29
2023-08-26 06:19:00,11.59659,16.0,21.6,99.49
2023-08-26 06:20:00,11.78865,16.0,21.6,99.69
2023-08-26 06:21:00,12.00919,16.0,21.7,99.29
2023-08-26 06:22:00,12.16545,18.0,21.7,99.62
2023-08-26 06:23:00,12.34058,14.0,21.7,99.71
2023-08-26 06:24:00,12.35638,16.0,21.7,99.79
2023-08-26 06:25:00,12.55382,16.0,21.7,99.14
2023-08-26 06:27:00,12.80172,16.0,21.7,99.14
2023-08-26 06:28:00,12.90078,16.0,21.6,99.52
2023-08-26 06:30:00,13.07803,15.0,21.7,99.86
2023-08-26 06:31:00,13.11073,15.0,21.7,99.42
2023-08-26 06:33:00,13.1717,17.0,21.7,99.6
2023-08-26 06:34:00,13.23936,14.0,21.7,99.55
2023-08-26 06:35:00,13.33907,15.0,21.7,99.47
2023-08-26 06:36:00,13.29918,15.0,21.7,99.25
2023-08-26 06:37:00,13.24142,15.0,21.7,99.22
2023-08-26 06:38:00,13.18697,15.0,21.7,99.58
2023-08-26 06:39:00,13.23252,16.0,21.7,99.38
2023-08-26 06:40:00,13.29533,15.0,21.7,99.64
2023-08-26 06:41:00,13.50189,16.0,21.7,99.67
2023-08-26 06:42:00,13.65134,16.0,21.7,99.29
2023-08-26 06:43:00,13.7697,16.0,21.7,99.81
2023-08-26 06:44:00,13.85006,16.0,21.8,99.66
2023-08-26 06:45:00,13.97078,15.0,21.8,99.71
2023-08-26 06:46:00,14.08339,15.0,21.8,99.19
2023-08-26 06:47:00,14.18446,16.0,21.7,99.53
2023-08-26 06:48:00,14.26061,15.0,21.8,99.55
2023-08-26 06:50:00,14.45951,14.0,21.7,99.31
2023-08-26 06:51:00,14.59643,16.0,21.8,99.19
2023-08-26 06:52:00,14.49557,14.0,21.8,99.36
2023-08-26 06:53:00,14.54533,13.0,21.8,99.62
2023-08-26 06:54:00,14.5717,14.0,21.9,99.41
2023-08-26 06:55:00,14.55602,15.0,21.8,100.0
2023-08-26 06:56:00,14.56785,13.0,21.8,100.0
2023-08-26 06:58:00,14.22964,14.0,21.9,100.0
2023-08-26 06:59:00,14.1435,11.0,21.8,100.0
2023-08-26 07:00:00,13.91753,12.0,21.9,100.0
2023-08-26 07:01:00,13.72231,12.0,21.9,100.0
2023-08-26 07:02:00,13.38602,13.0,21.8,100.0
2023-08-26 07:03:00,13.09203,14.0,21.9,100.0
2023-08-26 07:04:00,12.81667,10.0,21.9,100.0
2023-08-26 07:05:00,12.52107,11.0,22.0,100.0
2023-08-26 07:06:00,12.24685,10.0,22.0,100.0
2023-08-26 07:07:00,11.92603,8.0,22.0,100.0
2023-08-26 07:08:00,11.63799,10.0,22.0,100.0
2023-08-26 07:09:00,11.44654,10.0,22.0,100.0
2023-08-26 07:10:00,11.3377,13.0,22.0,100.0
2023-08-26 07:11:00,11.26136,10.0,22.1,100.0
2023-08-26 07:12:00,11.15196,11.0,22.1,100.0
2023-08-26 07:13:00,11.08603,11.0,22.1,100.0
2023-08-26 07:14:00,10.8901,11.0,22.2,100.0
2023-08-26 07:15:00,10.8316,10.0,22.3,99.0
2023-08-26 07:16:00,10.76188,11.0,22.2,99.0
2023-08-26 07:17:00,10.64139,11.0,22.3,99.0
2023-08-26 07:18:00,10.56403,11.0,22.3,99.0
2023-08-26 07:19:00,10.49035,8.0,22.3,99.0
2023-08-26 07:20:00,10.34103,12.0,22.3,99.0
2023-08-26 07:21:00,10.30558,10.0,22.3,99.0
2023-08-26 07:22:00,10.14702,11.0,22.3,99.0
2023-08-26 07:23:00,10.07661,9.0,22.3,99.0
2023-08-26 07:24:00,9.968458,8.0,22.3,99.0
2023-08-26 07:25:00,9.91546,6.0,22.4,99.0
2023-08-26 07:26:00,9.84168,8.0,22.3,99.0
2023-08-26 07:27:00,9.659297,8.0,22.3,99.0
2023-08-26 07:28:00,9.514806,8.0,22.3,99.0
2023-08-26 07:29:00,9.425117,8.0,22.4,99.0
2023-08-26 07:30:00,9.362059,9.0,22.4,99.0
2023-08-26 07:31:00,9.241597,10.0,22.4,99.0
2023-08-26 07:32:00,9.276331,6.0,22.4,98.0
2023-08-26 07:33:00,9.228419,9.0,22.4,98.0
2023-08-26 07:34:00,9.183518,8.0,22.4,98.0
2023-08-26 07:35:00,9.169612,10.0,22.5,98.0
2023-08-26 07:36:00,9.12079,10.0,22.6,98.0
2023-08-26 07:37:00,9.125547,9.0,22.6,98.0
2023-08-26 07:38:00,9.217731,10.0,22.6,98.0
2023-08-26 07:39:00,9.309278,9.0,22.7,98.0
2023-08-26 07:40:00,9.368695,8.0,22.7,97.0
2023-08-26 07:41:00,9.42382,10.0,22.8,97.0
2023-08-26 07:42:00,9.500855,10.0,22.8,97.0
2023-08-26 07:43:00,9.540883,9.0,22.8,97.0
2023-08-26 07:44:00,9.551449,7.0,22.9,97.0
2023-08-26 07:46:00,9.69431,10.0,22.9,97.0
2023-08-26 07:48:00,9.761615,10.0,22.9,97.0
2023-08-26 07:49:00,9.883849,10.0,22.9,97.0
2023-08-26 07:50:00,9.936925,9.0,22.9,97.0
2023-08-26 07:51:00,9.994654,10.0,22.9,97.0
2023-08-26 07:52:00,10.01491,10.0,22.9,97.0
2023-08-26 07:53:00,10.10907,8.0,22.9,96.0
2023-08-26 07:54:00,10.14745,8.0,22.8,96.0
2023-08-26 07:55:00,10.145,12.0,22.8,97.0
2023-08-26 07:56:00,10.19602,10.0,22.7,97.0
2023-08-26 07:57:00,10.27273,10.0,22.8,97.0
2023-08-26 07:58:00,10.36804,9.0,22.8,97.0
2023-08-26 07:59:00,10.49681,12.0,22.8,97.0
2023-08-26 08:00:00,10.69699,12.0,22.7,97.0
2023-08-26 08:01:00,11.05526,13.0,22.7,96.0
2023-08-26 08:02:00,11.40729,12.0,22.7,96.0
2023-08-26 08:03:00,11.7784,13.0,22.7,96.0
2023-08-26 08:04:00,12.18646,13.0,22.7,97.0
2023-08-26 08:05:00,12.58826,13.0,22.8,96.0
2023-08-26 08:06:00,13.06758,17.0,22.8,96.0
2023-08-26 08:07:00,13.47887,13.0,22.9,96.0
2023-08-26 08:08:00,13.90767,16.0,22.9,96.0
2023-08-26 08:09:00,14.32913,16.0,23.0,96.0
2023-08-26 08:10:00,14.74357,17.0,23.0,95.0
2023-08-26 08:11:00,14.99365,17.0,23.1,95.0
2023-08-26 08:12:00,15.22328,17.0,23.1,95.0
2023-08-26 08:13:00,15.38562,17.0,23.1,95.0
2023-08-26 08:14:00,15.58961,17.0,23.2,94.0
2023-08-26 08:15:00,15.63041,13.0,23.2,94.0
2023-08-26 08:16:00,15.58063,16.0,23.2,94.0
2023-08-26 08:17:00,15.50909,13.0,23.2,94.0
2023-08-26 08:18:00,15.31446,10.0,23.2,93.0
2023-08-26 08:19:00,15.15189,11.0,23.2,93.0
2023-08-26 08:20:00,14.91852,13.0,23.2,94.0
2023-08-26 08:21:00,14.73052,12.0,23.2,94.0
2023-08-26 08:22:00,14.51853,12.0,23.2,93.0
2023-08-26 08:23:00,14.26816,13.0,23.2,93.0
2023-08-26 08:24:00,13.92811,12.0,23.2,94.0
2023-08-26 08:25:00,13.64575,15.0,23.3,94.0
2023-08-26 08:26:00,13.45056,13.0,23.3,94.0
2023-08-26 08:27:00,13.34881,14.0,23.4,94.0
2023-08-26 08:28:00,13.40924,13.0,23.4,93.0
2023-08-26 08:29:00,13.49046,15.0,23.5,93.0
2023-08-26 08:30:00,13.40844,10.0,23.6,92.0
2023-08-26 08:31:00,13.50031,12.0,23.6,92.0
2023-08-26 08:32:00,13.52549,15.0,23.6,92.0
2023-08-26 08:33:00,13.63295,13.0,23.7,92.0
2023-08-26 08:34:00,13.68853,16.0,23.7,93.0
2023-08-26 08:35:00,13.68209,15.0,23.8,93.0
2023-08-26 08:36:00,13.81126,14.0,23.8,92.0
2023-08-26 08:37:00,13.84136,13.0,23.8,92.0
2023-08-26 08:38:00,13.80332,11.0,23.8,91.0
2023-08-26 08:39:00,13.61989,9.0,23.9,91.0
2023-08-26 08:40:00,13.33948,9.0,23.8,91.0
2023-08-26 08:41:00,13.06006,11.0,23.8,91.0
2023-08-26 08:42:00,12.8975,13.0,23.7,91.0
2023-08-26 08:43:00,12.64506,13.0,23.7,92.0
2023-08-26 08:44:00,12.45864,15.0,23.7,92.0
2023-08-26 08:45:00,12.25664,15.0,23.8,92.0
2023-08-26 08:46:00,12.15761,13.0,23.8,92.0
2023-08-26 08:47:00,12.01887,11.0,23.9,91.0
2023-08-26 08:48:00,11.91206,11.0,23.9,91.0
2023-08-26 08:49:00,11.82121,12.0,23.9,91.0
2023-08-26 08:50:00,11.83327,12.0,23.9,91.0
2023-08-26 08:51:00,11.88867,13.0,23.9,91.0
2023-08-26 08:52:00,11.91005,11.0,23.9,91.0
2023-08-26 08:53:00,11.95316,11.0,23.8,91.0
2023-08-26 08:54:00,11.95255,11.0,23.8,91.0
2023-08-26 08:55:00,11.80433,8.0,23.8,91.0
2023-08-26 08:56:00,11.55806,9.0,23.7,91.0
2023-08-26 08:57:00,11.41184,8.0,23.7,91.0
2023-08-26 08:58:00,11.23471,8.0,23.6,91.0
2023-08-26 08:59:00,11.10001,13.0,23.6,92.0
2023-08-26 09:00:00,10.98225,13.0,23.5,92.0
2023-08-26 09:01:00,10.92837,13.0,23.5,93.0
2023-08-26 09:02:00,10.85572,13.0,23.5,93.0
2023-08-26 09:03:00,10.89387,11.0,23.5,93.0
2023-08-26 09:04:00,11.0304,13.0,23.4,93.0
2023-08-26 09:05:00,11.14275,13.0,23.5,93.0
2023-08-26 09:06:00,11.31391,13.0,23.5,93.0
2023-08-26 09:07:00,11.61792,13.0,23.5,93.0
2023-08-26 09:08:00,11.82937,10.0,23.5,93.0
2023-08-26 09:09:00,12.0409,10.0,23.6,92.0
2023-08-26 09:10:00,12.21081,12.0,23.6,92.0
2023-08-26 09:11:00,12.37825,12.0,23.5,92.0
2023-08-26 09:12:00,12.34173,11.0,23.5,93.0
2023-08-26 09:13:00,12.34741,13.0,23.6,93.0
2023-08-26 09:14:00,12.38116,13.0,23.6,93.0
2023-08-26 09:15:00,12.36058,12.0,23.6,93.0
2023-08-26 09:16:00,12.2214,12.0,23.7,92.0
2023-08-26 09:17:00,12.18098,11.0,23.6,92.0
2023-08-26 09:18:00,12.18529,12.0,23.6,92.0
2023-08-26 09:19:00,12.29603,13.0,23.5,92.0
2023-08-26 09:20:00,12.27742,10.0,23.6,92.0
2023-08-26 09:21:00,12.14732,11.0,23.6,92.0
2023-08-26 09:22:00,12.03714,9.0,23.6,92.0
2023-08-26 09:23:00,11.93892,8.0,23.5,92.0
2023-08-26 09:24:00,11.83429,9.0,23.5,92.0
2023-08-26 09:26:00,11.51383,9.0,23.4,92.0
2023-08-26 09:27:00,11.43176,11.0,23.4,92.0
2023-08-26 09:28:00,11.18743,9.0,23.4,92.0
2023-08-26 09:29:00,10.98998,11.0,23.4,92.0
2023-08-26 09:30:00,10.7767,10.0,23.4,92.0
2023-08-26 09:31:00,10.60546,12.0,23.5,93.0
2023-08-26 09:32:00,10.68612,12.0,23.5,93.0
2023-08-26 09:33:00,10.7316,13.0,23.6,93.0
2023-08-26 09:35:00,10.90702,13.0,23.7,93.0
2023-08-26 09:36:00,11.03752,12.0,23.8,92.0
2023-08-26 09:37:00,11.16454,13.0,23.8,92.0
2023-08-26 09:38:00,11.3088,13.0,23.9,92.0
2023-08-26 09:39:00,11.56926,12.0,24.0,93.0
2023-08-26 09:40:00,11.71847,14.0,24.1,92.0
2023-08-26 09:41:00,11.8436,13.0,24.2,92.0
2023-08-26 09:42:00,12.05223,10.0,24.2,91.0
2023-08-26 09:43:00,12.14884,11.0,24.3,91.0
2023-08-26 09:44:00,12.11642,11.0,24.3,91.0
2023-08-26 09:45:00,12.06642,11.0,24.2,91.0
2023-08-26 09:46:00,12.05246,11.0,24.2,91.0
2023-08-26 09:47:00,12.03666,10.0,24.2,91.0
2023-08-26 09:48:00,11.91363,7.0,24.2,90.0
2023-08-26 09:49:00,11.78781,4.0,24.1,90.0
2023-08-26 09:50:00,11.48282,6.0,24.0,90.0
2023-08-26 09:51:00,11.28823,8.0,23.9,91.0
2023-08-26 09:52:00,11.0301,6.0,23.8,91.0
2023-08-26 09:53:00,10.62641,9.0,23.8,91.0
2023-08-26 09:54:00,10.27146,8.0,23.8,92.0
2023-08-26 09:55:00,10.01761,6.0,23.7,92.0
2023-08-26 09:56:00,9.777312,9.0,23.7,92.0
2023-08-26 09:58:00,9.333048,6.0,23.7,92.0
2023-08-26 09:59:00,9.153621,7.0,23.7,92.0
2023-08-26 10:00:00,9.059031,7.0,23.6,92.0
2023-08-26 10:01:00,8.916281,6.0,23.6,92.0
2023-08-26 10:02:00,8.857209,6.0,23.5,92.0
2023-08-26 10:04:00,8.69827,6.0,23.5,92.0
2023-08-26 10:05:00,8.695924,6.0,23.5,92.0
2023-08-26 10:06:00,8.607641,5.0,23.5,92.0
2023-08-26 10:07:00,8.664788,6.0,23.4,92.0
2023-08-26 10:08:00,8.715797,10.0,23.3,93.0
2023-08-26 10:09:00,8.822591,8.0,23.3,93.0
2023-08-26 10:10:00,8.875237,9.0,23.3,93.0
2023-08-26 10:11:00,8.894179,9.0,23.3,93.0
2023-08-26 10:12:00,8.884748,7.0,23.3,93.0
2023-08-26 10:13:00,8.949372,6.0,23.3,93.0
2023-08-26 10:14:00,9.095931,8.0,23.3,93.0
2023-08-26 10:15:00,9.190115,8.0,23.4,93.0
2023-08-26 10:16:00,9.269707,9.0,23.4,93.0
2023-08-26 10:17:00,9.372677,8.0,23.4,93.0
2023-08-26 10:18:00,9.367081,7.0,23.4,93.0
2023-08-26 10:19:00,9.271631,6.0,23.4,92.0
2023-08-26 10:20:00,9.146187,6.0,23.4,92.0
2023-08-26 10:21:00,9.025906,6.0,23.5,92.0
2023-08-26 10:22:00,8.872802,8.0,23.5,92.0
2023-08-26 10:23:00,8.755229,6.0,23.6,92.0
2023-08-26 10:24:00,8.726406,5.0,23.5,92.0
2023-08-26 10:25:00,8.691115,6.0,23.6,91.0
2023-08-26 10:26:00,8.554799,5.0,23.5,92.0
2023-08-26 10:27:00,8.431459,5.0,23.5,92.0
2023-08-26 10:28:00,8.311746,8.0,23.5,92.0
2023-08-26 10:29:00,8.221532,5.0,23.6,92.0
2023-08-26 10:30:00,8.239152,7.0,23.7,91.0
2023-08-26 10:31:00,8.330481,7.0,23.8,91.0
2023-08-26 10:32:00,8.427785,7.0,23.9,90.0
2023-08-26 10:33:00,8.466449,4.0,23.9,90.0
2023-08-26 10:34:00,8.456685,6.0,23.9,90.0
2023-08-26 10:35:00,8.436654,4.0,24.0,90.0
2023-08-26 10:36:00,8.342191,5.0,24.0,91.0
2023-08-26 10:37:00,8.258985,4.0,24.0,90.0
2023-08-26 10:38:00,8.177133,5.0,23.9,91.0
2023-08-26 10:39:00,8.153947,5.0,24.0,91.0
2023-08-26 10:41:00,7.994143,4.0,23.9,90.0
